match_id,season_start,date,team,is_home,xg_f,xg_a
20221112_E0_Bournemouth_Everton,2022,2022-11-12,Bournemouth,True,2.5893,0.8244
20221112_E0_Bournemouth_Everton,2022,2022-11-12,Everton,False,0.8244,2.5893
20221112_E0_Liverpool_Southampton,2022,2022-11-12,Liverpool,True,1.9857,1.0532
20221112_E0_Liverpool_Southampton,2022,2022-11-12,Southampton,False,1.0532,1.9857
20221112_E0_ManCity_Brentford,2022,2022-11-12,Brentford,False,1.2862,1.6078
20221112_E0_ManCity_Brentford,2022,2022-11-12,Man City,True,1.6078,1.2862
20221112_E0_Newcastle_Chelsea,2022,2022-11-12,Chelsea,False,0.2958,1.0677
20221112_E0_Newcastle_Chelsea,2022,2022-11-12,Newcastle,True,1.0677,0.2958
20221112_E0_NottmForest_CrystalPalace,2022,2022-11-12,Crystal Palace,False,1.2153,1.0943
20221112_E0_NottmForest_CrystalPalace,2022,2022-11-12,Nott'm Forest,True,1.0943,1.2153
20221112_E0_Tottenham_Leeds,2022,2022-11-12,Leeds,False,1.2264,1.8855
20221112_E0_Tottenham_Leeds,2022,2022-11-12,Tottenham,True,1.8855,1.2264
20221112_E0_WestHam_Leicester,2022,2022-11-12,Leicester,False,1.776,1.4003
20221112_E0_WestHam_Leicester,2022,2022-11-12,West Ham,True,1.4003,1.776
20221112_E0_Wolves_Arsenal,2022,2022-11-12,Arsenal,False,1.8217,0.4926
20221112_E0_Wolves_Arsenal,2022,2022-11-12,Wolves,True,0.4926,1.8217
20221113_E0_Brighton_AstonVilla,2022,2022-11-13,Aston Villa,False,1.4852,0.6561
20221113_E0_Brighton_AstonVilla,2022,2022-11-13,Brighton,True,0.6561,1.4852
20221113_E0_Fulham_ManUnited,2022,2022-11-13,Fulham,True,1.3153,2.5821
20221113_E0_Fulham_ManUnited,2022,2022-11-13,Man United,False,2.5821,1.3153
20221226_E0_Arsenal_WestHam,2022,2022-12-26,Arsenal,True,2.1037,1.0695
20221226_E0_Arsenal_WestHam,2022,2022-12-26,West Ham,False,1.0695,2.1037
20221226_E0_AstonVilla_Liverpool,2022,2022-12-26,Aston Villa,True,1.2996,2.7535
20221226_E0_AstonVilla_Liverpool,2022,2022-12-26,Liverpool,False,2.7535,1.2996
20221226_E0_Brentford_Tottenham,2022,2022-12-26,Brentford,True,2.1755,1.0687
20221226_E0_Brentford_Tottenham,2022,2022-12-26,Tottenham,False,1.0687,2.1755
20221226_E0_CrystalPalace_Fulham,2022,2022-12-26,Crystal Palace,True,0.3977,2.6059
20221226_E0_CrystalPalace_Fulham,2022,2022-12-26,Fulham,False,2.6059,0.3977
20221226_E0_Everton_Wolves,2022,2022-12-26,Everton,True,1.7392,0.7136
20221226_E0_Everton_Wolves,2022,2022-12-26,Wolves,False,0.7136,1.7392
20221226_E0_Leicester_Newcastle,2022,2022-12-26,Leicester,True,0.5161,1.9019
20221226_E0_Leicester_Newcastle,2022,2022-12-26,Newcastle,False,1.9019,0.5161
20221226_E0_Southampton_Brighton,2022,2022-12-26,Brighton,False,0.6409,1.9141
20221226_E0_Southampton_Brighton,2022,2022-12-26,Southampton,True,1.9141,0.6409
20221227_E0_Chelsea_Bournemouth,2022,2022-12-27,Bournemouth,False,0.5282,1.7392
20221227_E0_Chelsea_Bournemouth,2022,2022-12-27,Chelsea,True,1.7392,0.5282
20221227_E0_ManUnited_NottmForest,2022,2022-12-27,Man United,True,2.4711,0.7598
20221227_E0_ManUnited_NottmForest,2022,2022-12-27,Nott'm Forest,False,0.7598,2.4711
20221228_E0_Leeds_ManCity,2022,2022-12-28,Leeds,True,0.5857,4.2706
20221228_E0_Leeds_ManCity,2022,2022-12-28,Man City,False,4.2706,0.5857
20221230_E0_Liverpool_Leicester,2022,2022-12-30,Leicester,False,0.9925,2.1246
20221230_E0_Liverpool_Leicester,2022,2022-12-30,Liverpool,True,2.1246,0.9925
20221230_E0_WestHam_Brentford,2022,2022-12-30,Brentford,False,1.7169,1.3267
20221230_E0_WestHam_Brentford,2022,2022-12-30,West Ham,True,1.3267,1.7169
20221231_E0_Bournemouth_CrystalPalace,2022,2022-12-31,Bournemouth,True,0.5904,1.5371
20221231_E0_Bournemouth_CrystalPalace,2022,2022-12-31,Crystal Palace,False,1.5371,0.5904
20221231_E0_Brighton_Arsenal,2022,2022-12-31,Arsenal,False,2.9149,1.1452
20221231_E0_Brighton_Arsenal,2022,2022-12-31,Brighton,True,1.1452,2.9149
20221231_E0_Fulham_Southampton,2022,2022-12-31,Fulham,True,1.5336,0.794
20221231_E0_Fulham_Southampton,2022,2022-12-31,Southampton,False,0.794,1.5336
20221231_E0_ManCity_Everton,2022,2022-12-31,Everton,False,0.0857,2.1
20221231_E0_ManCity_Everton,2022,2022-12-31,Man City,True,2.1,0.0857
20221231_E0_Newcastle_Leeds,2022,2022-12-31,Leeds,False,0.4746,2.0082
20221231_E0_Newcastle_Leeds,2022,2022-12-31,Newcastle,True,2.0082,0.4746
20221231_E0_Wolves_ManUnited,2022,2022-12-31,Man United,False,1.9874,0.6737
20221231_E0_Wolves_ManUnited,2022,2022-12-31,Wolves,True,0.6737,1.9874
20230101_E0_NottmForest_Chelsea,2022,2023-01-01,Chelsea,False,0.9407,1.2013
20230101_E0_NottmForest_Chelsea,2022,2023-01-01,Nott'm Forest,True,1.2013,0.9407
20230101_E0_Tottenham_AstonVilla,2022,2023-01-01,Aston Villa,False,1.0023,0.423
20230101_E0_Tottenham_AstonVilla,2022,2023-01-01,Tottenham,True,0.423,1.0023
20230102_E0_Brentford_Liverpool,2022,2023-01-02,Brentford,True,2.5303,2.0257
20230102_E0_Brentford_Liverpool,2022,2023-01-02,Liverpool,False,2.0257,2.5303
20230103_E0_Arsenal_Newcastle,2022,2023-01-03,Arsenal,True,1.1333,1.0802
20230103_E0_Arsenal_Newcastle,2022,2023-01-03,Newcastle,False,1.0802,1.1333
20230103_E0_Everton_Brighton,2022,2023-01-03,Brighton,False,2.1979,1.3116
20230103_E0_Everton_Brighton,2022,2023-01-03,Everton,True,1.3116,2.1979
20230103_E0_Leicester_Fulham,2022,2023-01-03,Fulham,False,1.7319,1.6856
20230103_E0_Leicester_Fulham,2022,2023-01-03,Leicester,True,1.6856,1.7319
20230103_E0_ManUnited_Bournemouth,2022,2023-01-03,Bournemouth,False,0.4937,2.2085
20230103_E0_ManUnited_Bournemouth,2022,2023-01-03,Man United,True,2.2085,0.4937
20230104_E0_AstonVilla_Wolves,2022,2023-01-04,Aston Villa,True,1.6122,0.9704
20230104_E0_AstonVilla_Wolves,2022,2023-01-04,Wolves,False,0.9704,1.6122
20230104_E0_CrystalPalace_Tottenham,2022,2023-01-04,Crystal Palace,True,0.7928,1.3851
20230104_E0_CrystalPalace_Tottenham,2022,2023-01-04,Tottenham,False,1.3851,0.7928
20230104_E0_Leeds_WestHam,2022,2023-01-04,Leeds,True,1.4783,1.4233
20230104_E0_Leeds_WestHam,2022,2023-01-04,West Ham,False,1.4233,1.4783
20230104_E0_Southampton_NottmForest,2022,2023-01-04,Nott'm Forest,False,1.367,0.3936
20230104_E0_Southampton_NottmForest,2022,2023-01-04,Southampton,True,0.3936,1.367
20230105_E0_Chelsea_ManCity,2022,2023-01-05,Chelsea,True,0.4098,2.0961
20230105_E0_Chelsea_ManCity,2022,2023-01-05,Man City,False,2.0961,0.4098
20230112_E0_Fulham_Chelsea,2022,2023-01-12,Chelsea,False,2.1425,0.834
20230112_E0_Fulham_Chelsea,2022,2023-01-12,Fulham,True,0.834,2.1425
20230113_E0_AstonVilla_Leeds,2022,2023-01-13,Aston Villa,True,1.2908,2.5432
20230113_E0_AstonVilla_Leeds,2022,2023-01-13,Leeds,False,2.5432,1.2908
20230114_E0_Brentford_Bournemouth,2022,2023-01-14,Bournemouth,False,0.4727,1.469
20230114_E0_Brentford_Bournemouth,2022,2023-01-14,Brentford,True,1.469,0.4727
20230114_E0_Brighton_Liverpool,2022,2023-01-14,Brighton,True,2.2379,1.0271
20230114_E0_Brighton_Liverpool,2022,2023-01-14,Liverpool,False,1.0271,2.2379
20230114_E0_Everton_Southampton,2022,2023-01-14,Everton,True,1.4075,1.2443
20230114_E0_Everton_Southampton,2022,2023-01-14,Southampton,False,1.2443,1.4075
20230114_E0_ManUnited_ManCity,2022,2023-01-14,Man City,False,0.6487,1.7499
20230114_E0_ManUnited_ManCity,2022,2023-01-14,Man United,True,1.7499,0.6487
20230114_E0_NottmForest_Leicester,2022,2023-01-14,Leicester,False,1.0175,2.1392
20230114_E0_NottmForest_Leicester,2022,2023-01-14,Nott'm Forest,True,2.1392,1.0175
20230114_E0_Wolves_WestHam,2022,2023-01-14,West Ham,False,1.0218,0.8366
20230114_E0_Wolves_WestHam,2022,2023-01-14,Wolves,True,0.8366,1.0218
20230115_E0_Chelsea_CrystalPalace,2022,2023-01-15,Chelsea,True,1.6405,0.6146
20230115_E0_Chelsea_CrystalPalace,2022,2023-01-15,Crystal Palace,False,0.6146,1.6405
20230115_E0_Newcastle_Fulham,2022,2023-01-15,Fulham,False,1.1373,2.1299
20230115_E0_Newcastle_Fulham,2022,2023-01-15,Newcastle,True,2.1299,1.1373
20230115_E0_Tottenham_Arsenal,2022,2023-01-15,Arsenal,False,1.6649,1.5396
20230115_E0_Tottenham_Arsenal,2022,2023-01-15,Tottenham,True,1.5396,1.6649
20230118_E0_CrystalPalace_ManUnited,2022,2023-01-18,Crystal Palace,True,0.547,2.1045
20230118_E0_CrystalPalace_ManUnited,2022,2023-01-18,Man United,False,2.1045,0.547
20230119_E0_ManCity_Tottenham,2022,2023-01-19,Man City,True,2.4469,0.8393
20230119_E0_ManCity_Tottenham,2022,2023-01-19,Tottenham,False,0.8393,2.4469
20230121_E0_Bournemouth_NottmForest,2022,2023-01-21,Bournemouth,True,1.3581,1.8473
20230121_E0_Bournemouth_NottmForest,2022,2023-01-21,Nott'm Forest,False,1.8473,1.3581
20230121_E0_CrystalPalace_Newcastle,2022,2023-01-21,Crystal Palace,True,0.296,1.4078
20230121_E0_CrystalPalace_Newcastle,2022,2023-01-21,Newcastle,False,1.4078,0.296
20230121_E0_Leicester_Brighton,2022,2023-01-21,Brighton,False,1.5257,1.2964
20230121_E0_Leicester_Brighton,2022,2023-01-21,Leicester,True,1.2964,1.5257
20230121_E0_Liverpool_Chelsea,2022,2023-01-21,Chelsea,False,1.5903,1.4028
20230121_E0_Liverpool_Chelsea,2022,2023-01-21,Liverpool,True,1.4028,1.5903
20230121_E0_Southampton_AstonVilla,2022,2023-01-21,Aston Villa,False,1.4309,0.5037
20230121_E0_Southampton_AstonVilla,2022,2023-01-21,Southampton,True,0.5037,1.4309
20230121_E0_WestHam_Everton,2022,2023-01-21,Everton,False,0.6745,2.3339
20230121_E0_WestHam_Everton,2022,2023-01-21,West Ham,True,2.3339,0.6745
20230122_E0_Arsenal_ManUnited,2022,2023-01-22,Arsenal,True,2.9293,0.3316
20230122_E0_Arsenal_ManUnited,2022,2023-01-22,Man United,False,0.3316,2.9293
20230122_E0_Leeds_Brentford,2022,2023-01-22,Brentford,False,0.2885,0.5015
20230122_E0_Leeds_Brentford,2022,2023-01-22,Leeds,True,0.5015,0.2885
20230122_E0_ManCity_Wolves,2022,2023-01-22,Man City,True,2.6341,0.829
20230122_E0_ManCity_Wolves,2022,2023-01-22,Wolves,False,0.829,2.6341
20230123_E0_Fulham_Tottenham,2022,2023-01-23,Fulham,True,1.1789,0.8956
20230123_E0_Fulham_Tottenham,2022,2023-01-23,Tottenham,False,0.8956,1.1789
20230203_E0_Chelsea_Fulham,2022,2023-02-03,Chelsea,True,1.55,0.68
20230203_E0_Chelsea_Fulham,2022,2023-02-03,Fulham,False,0.68,1.55
20230204_E0_AstonVilla_Leicester,2022,2023-02-04,Aston Villa,True,1.69,2.25
20230204_E0_AstonVilla_Leicester,2022,2023-02-04,Leicester,False,2.25,1.69
20230204_E0_Brentford_Southampton,2022,2023-02-04,Brentford,True,2.15,0.63
20230204_E0_Brentford_Southampton,2022,2023-02-04,Southampton,False,0.63,2.15
20230204_E0_Brighton_Bournemouth,2022,2023-02-04,Bournemouth,False,1.35,2.63
20230204_E0_Brighton_Bournemouth,2022,2023-02-04,Brighton,True,2.63,1.35
20230204_E0_Everton_Arsenal,2022,2023-02-04,Arsenal,False,0.86,1.55
20230204_E0_Everton_Arsenal,2022,2023-02-04,Everton,True,1.55,0.86
20230204_E0_ManUnited_CrystalPalace,2022,2023-02-04,Crystal Palace,False,1.37,2.07
20230204_E0_ManUnited_CrystalPalace,2022,2023-02-04,Man United,True,2.07,1.37
20230204_E0_Newcastle_WestHam,2022,2023-02-04,Newcastle,True,0.82,1.0
20230204_E0_Newcastle_WestHam,2022,2023-02-04,West Ham,False,1.0,0.82
20230204_E0_Wolves_Liverpool,2022,2023-02-04,Liverpool,False,1.91,2.12
20230204_E0_Wolves_Liverpool,2022,2023-02-04,Wolves,True,2.12,1.91
20230205_E0_NottmForest_Leeds,2022,2023-02-05,Leeds,False,0.79,0.28
20230205_E0_NottmForest_Leeds,2022,2023-02-05,Nott'm Forest,True,0.28,0.79
20230205_E0_Tottenham_ManCity,2022,2023-02-05,Man City,False,0.96,1.48
20230205_E0_Tottenham_ManCity,2022,2023-02-05,Tottenham,True,1.48,0.96
20230208_E0_ManUnited_Leeds,2022,2023-02-08,Leeds,False,0.6,2.19
20230208_E0_ManUnited_Leeds,2022,2023-02-08,Man United,True,2.19,0.6
20230211_E0_Arsenal_Brentford,2022,2023-02-11,Arsenal,True,1.69,2.37
20230211_E0_Arsenal_Brentford,2022,2023-02-11,Brentford,False,2.37,1.69
20230211_E0_Bournemouth_Newcastle,2022,2023-02-11,Bournemouth,True,1.83,1.38
20230211_E0_Bournemouth_Newcastle,2022,2023-02-11,Newcastle,False,1.38,1.83
20230211_E0_CrystalPalace_Brighton,2022,2023-02-11,Brighton,False,2.35,0.89
20230211_E0_CrystalPalace_Brighton,2022,2023-02-11,Crystal Palace,True,0.89,2.35
20230211_E0_Fulham_NottmForest,2022,2023-02-11,Fulham,True,1.61,0.66
20230211_E0_Fulham_NottmForest,2022,2023-02-11,Nott'm Forest,False,0.66,1.61
20230211_E0_Leicester_Tottenham,2022,2023-02-11,Leicester,True,1.54,1.28
20230211_E0_Leicester_Tottenham,2022,2023-02-11,Tottenham,False,1.28,1.54
20230211_E0_Southampton_Wolves,2022,2023-02-11,Southampton,True,1.16,0.79
20230211_E0_Southampton_Wolves,2022,2023-02-11,Wolves,False,0.79,1.16
20230211_E0_WestHam_Chelsea,2022,2023-02-11,Chelsea,False,1.15,1.3
20230211_E0_WestHam_Chelsea,2022,2023-02-11,West Ham,True,1.3,1.15
20230212_E0_Leeds_ManUnited,2022,2023-02-12,Leeds,True,1.85,1.11
20230212_E0_Leeds_ManUnited,2022,2023-02-12,Man United,False,1.11,1.85
20230212_E0_ManCity_AstonVilla,2022,2023-02-12,Aston Villa,False,0.29,3.6
20230212_E0_ManCity_AstonVilla,2022,2023-02-12,Man City,True,3.6,0.29
20230213_E0_Liverpool_Everton,2022,2023-02-13,Everton,False,0.27,2.19
20230213_E0_Liverpool_Everton,2022,2023-02-13,Liverpool,True,2.19,0.27
20230215_E0_Arsenal_ManCity,2022,2023-02-15,Arsenal,True,1.62,1.75
20230215_E0_Arsenal_ManCity,2022,2023-02-15,Man City,False,1.75,1.62
20230218_E0_AstonVilla_Arsenal,2022,2023-02-18,Arsenal,False,3.3,0.51
20230218_E0_AstonVilla_Arsenal,2022,2023-02-18,Aston Villa,True,0.51,3.3
20230218_E0_Brentford_CrystalPalace,2022,2023-02-18,Brentford,True,0.83,1.1
20230218_E0_Brentford_CrystalPalace,2022,2023-02-18,Crystal Palace,False,1.1,0.83
20230218_E0_Brighton_Fulham,2022,2023-02-18,Brighton,True,2.2,0.3
20230218_E0_Brighton_Fulham,2022,2023-02-18,Fulham,False,0.3,2.2
20230218_E0_Chelsea_Southampton,2022,2023-02-18,Chelsea,True,1.67,0.84
20230218_E0_Chelsea_Southampton,2022,2023-02-18,Southampton,False,0.84,1.67
20230218_E0_Everton_Leeds,2022,2023-02-18,Everton,True,1.6,0.58
20230218_E0_Everton_Leeds,2022,2023-02-18,Leeds,False,0.58,1.6
20230218_E0_Newcastle_Liverpool,2022,2023-02-18,Liverpool,False,2.38,2.06
20230218_E0_Newcastle_Liverpool,2022,2023-02-18,Newcastle,True,2.06,2.38
20230218_E0_NottmForest_ManCity,2022,2023-02-18,Man City,False,2.69,0.97
20230218_E0_NottmForest_ManCity,2022,2023-02-18,Nott'm Forest,True,0.97,2.69
20230218_E0_Wolves_Bournemouth,2022,2023-02-18,Bournemouth,False,1.0,1.16
20230218_E0_Wolves_Bournemouth,2022,2023-02-18,Wolves,True,1.16,1.0
20230219_E0_ManUnited_Leicester,2022,2023-02-19,Leicester,False,1.42,4.22
20230219_E0_ManUnited_Leicester,2022,2023-02-19,Man United,True,4.22,1.42
20230219_E0_Tottenham_WestHam,2022,2023-02-19,Tottenham,True,1.49,0.5
20230219_E0_Tottenham_WestHam,2022,2023-02-19,West Ham,False,0.5,1.49
20230224_E0_Fulham_Wolves,2022,2023-02-24,Fulham,True,0.48,0.81
20230224_E0_Fulham_Wolves,2022,2023-02-24,Wolves,False,0.81,0.48
20230225_E0_Bournemouth_ManCity,2022,2023-02-25,Bournemouth,True,1.35,2.39
20230225_E0_Bournemouth_ManCity,2022,2023-02-25,Man City,False,2.39,1.35
20230225_E0_CrystalPalace_Liverpool,2022,2023-02-25,Crystal Palace,True,0.6,0.91
20230225_E0_CrystalPalace_Liverpool,2022,2023-02-25,Liverpool,False,0.91,0.6
20230225_E0_Everton_AstonVilla,2022,2023-02-25,Aston Villa,False,1.94,1.73
20230225_E0_Everton_AstonVilla,2022,2023-02-25,Everton,True,1.73,1.94
20230225_E0_Leeds_Southampton,2022,2023-02-25,Leeds,True,0.86,0.37
20230225_E0_Leeds_Southampton,2022,2023-02-25,Southampton,False,0.37,0.86
20230225_E0_Leicester_Arsenal,2022,2023-02-25,Arsenal,False,0.65,0.02
20230225_E0_Leicester_Arsenal,2022,2023-02-25,Leicester,True,0.02,0.65
20230225_E0_WestHam_NottmForest,2022,2023-02-25,Nott'm Forest,False,0.43,2.72
20230225_E0_WestHam_NottmForest,2022,2023-02-25,West Ham,True,2.72,0.43
20230226_E0_Tottenham_Chelsea,2022,2023-02-26,Chelsea,False,0.41,0.71
20230226_E0_Tottenham_Chelsea,2022,2023-02-26,Tottenham,True,0.71,0.41
20230301_E0_Arsenal_Everton,2022,2023-03-01,Arsenal,True,2.85,1.4
20230301_E0_Arsenal_Everton,2022,2023-03-01,Everton,False,1.4,2.85
20230301_E0_Liverpool_Wolves,2022,2023-03-01,Liverpool,True,2.5,0.93
20230301_E0_Liverpool_Wolves,2022,2023-03-01,Wolves,False,0.93,2.5
20230304_E0_Arsenal_Bournemouth,2022,2023-03-04,Arsenal,True,2.65,1.32
20230304_E0_Arsenal_Bournemouth,2022,2023-03-04,Bournemouth,False,1.32,2.65
20230304_E0_AstonVilla_CrystalPalace,2022,2023-03-04,Aston Villa,True,1.2,0.18
20230304_E0_AstonVilla_CrystalPalace,2022,2023-03-04,Crystal Palace,False,0.18,1.2
20230304_E0_Brighton_WestHam,2022,2023-03-04,Brighton,True,3.56,0.38
20230304_E0_Brighton_WestHam,2022,2023-03-04,West Ham,False,0.38,3.56
20230304_E0_Chelsea_Leeds,2022,2023-03-04,Chelsea,True,1.54,0.93
20230304_E0_Chelsea_Leeds,2022,2023-03-04,Leeds,False,0.93,1.54
20230304_E0_ManCity_Newcastle,2022,2023-03-04,Man City,True,1.34,0.42
20230304_E0_ManCity_Newcastle,2022,2023-03-04,Newcastle,False,0.42,1.34
20230304_E0_Southampton_Leicester,2022,2023-03-04,Leicester,False,1.91,1.38
20230304_E0_Southampton_Leicester,2022,2023-03-04,Southampton,True,1.38,1.91
20230304_E0_Wolves_Tottenham,2022,2023-03-04,Tottenham,False,1.35,0.44
20230304_E0_Wolves_Tottenham,2022,2023-03-04,Wolves,True,0.44,1.35
20230305_E0_Liverpool_ManUnited,2022,2023-03-05,Liverpool,True,2.64,0.88
20230305_E0_Liverpool_ManUnited,2022,2023-03-05,Man United,False,0.88,2.64
20230305_E0_NottmForest_Everton,2022,2023-03-05,Everton,False,1.71,0.94
20230305_E0_NottmForest_Everton,2022,2023-03-05,Nott'm Forest,True,0.94,1.71
20230306_E0_Brentford_Fulham,2022,2023-03-06,Brentford,True,2.35,1.53
20230306_E0_Brentford_Fulham,2022,2023-03-06,Fulham,False,1.53,2.35
20230311_E0_Bournemouth_Liverpool,2022,2023-03-11,Bournemouth,True,0.86,1.73
20230311_E0_Bournemouth_Liverpool,2022,2023-03-11,Liverpool,False,1.73,0.86
20230311_E0_CrystalPalace_ManCity,2022,2023-03-11,Crystal Palace,True,0.17,2.15
20230311_E0_CrystalPalace_ManCity,2022,2023-03-11,Man City,False,2.15,0.17
20230311_E0_Everton_Brentford,2022,2023-03-11,Brentford,False,2.09,1.03
20230311_E0_Everton_Brentford,2022,2023-03-11,Everton,True,1.03,2.09
20230311_E0_Leeds_Brighton,2022,2023-03-11,Brighton,False,1.65,1.55
20230311_E0_Leeds_Brighton,2022,2023-03-11,Leeds,True,1.55,1.65
20230311_E0_Leicester_Chelsea,2022,2023-03-11,Chelsea,False,1.51,2.35
20230311_E0_Leicester_Chelsea,2022,2023-03-11,Leicester,True,2.35,1.51
20230311_E0_Tottenham_NottmForest,2022,2023-03-11,Nott'm Forest,False,1.56,2.05
20230311_E0_Tottenham_NottmForest,2022,2023-03-11,Tottenham,True,2.05,1.56
20230312_E0_Fulham_Arsenal,2022,2023-03-12,Arsenal,False,2.36,0.85
20230312_E0_Fulham_Arsenal,2022,2023-03-12,Fulham,True,0.85,2.36
20230312_E0_ManUnited_Southampton,2022,2023-03-12,Man United,True,0.84,1.13
20230312_E0_ManUnited_Southampton,2022,2023-03-12,Southampton,False,1.13,0.84
20230312_E0_Newcastle_Wolves,2022,2023-03-12,Newcastle,True,2.02,1.13
20230312_E0_Newcastle_Wolves,2022,2023-03-12,Wolves,False,1.13,2.02
20230312_E0_WestHam_AstonVilla,2022,2023-03-12,Aston Villa,False,1.58,2.22
20230312_E0_WestHam_AstonVilla,2022,2023-03-12,West Ham,True,2.22,1.58
20230315_E0_Brighton_CrystalPalace,2022,2023-03-15,Brighton,True,0.61,1.21
20230315_E0_Brighton_CrystalPalace,2022,2023-03-15,Crystal Palace,False,1.21,0.61
20230315_E0_Southampton_Brentford,2022,2023-03-15,Brentford,False,2.02,0.52
20230315_E0_Southampton_Brentford,2022,2023-03-15,Southampton,True,0.52,2.02
20230317_E0_NottmForest_Newcastle,2022,2023-03-17,Newcastle,False,2.42,0.38
20230317_E0_NottmForest_Newcastle,2022,2023-03-17,Nott'm Forest,True,0.38,2.42
20230318_E0_AstonVilla_Bournemouth,2022,2023-03-18,Aston Villa,True,3.22,0.59
20230318_E0_AstonVilla_Bournemouth,2022,2023-03-18,Bournemouth,False,0.59,3.22
20230318_E0_Brentford_Leicester,2022,2023-03-18,Brentford,True,0.65,1.35
20230318_E0_Brentford_Leicester,2022,2023-03-18,Leicester,False,1.35,0.65
20230318_E0_Chelsea_Everton,2022,2023-03-18,Chelsea,True,2.37,1.43
20230318_E0_Chelsea_Everton,2022,2023-03-18,Everton,False,1.43,2.37
20230318_E0_Southampton_Tottenham,2022,2023-03-18,Southampton,True,2.4,2.26
20230318_E0_Southampton_Tottenham,2022,2023-03-18,Tottenham,False,2.26,2.4
20230318_E0_Wolves_Leeds,2022,2023-03-18,Leeds,False,1.48,2.87
20230318_E0_Wolves_Leeds,2022,2023-03-18,Wolves,True,2.87,1.48
20230319_E0_Arsenal_CrystalPalace,2022,2023-03-19,Arsenal,True,1.46,0.6
20230319_E0_Arsenal_CrystalPalace,2022,2023-03-19,Crystal Palace,False,0.6,1.46
20230401_E0_Arsenal_Leeds,2022,2023-04-01,Arsenal,True,3.41,0.77
20230401_E0_Arsenal_Leeds,2022,2023-04-01,Leeds,False,0.77,3.41
20230401_E0_Bournemouth_Fulham,2022,2023-04-01,Bournemouth,True,2.48,0.85
20230401_E0_Bournemouth_Fulham,2022,2023-04-01,Fulham,False,0.85,2.48
20230401_E0_Brighton_Brentford,2022,2023-04-01,Brentford,False,1.5,4.42
20230401_E0_Brighton_Brentford,2022,2023-04-01,Brighton,True,4.42,1.5
20230401_E0_Chelsea_AstonVilla,2022,2023-04-01,Aston Villa,False,0.81,2.2
20230401_E0_Chelsea_AstonVilla,2022,2023-04-01,Chelsea,True,2.2,0.81
20230401_E0_CrystalPalace_Leicester,2022,2023-04-01,Crystal Palace,True,2.27,0.22
20230401_E0_CrystalPalace_Leicester,2022,2023-04-01,Leicester,False,0.22,2.27
20230401_E0_ManCity_Liverpool,2022,2023-04-01,Liverpool,False,0.34,2.96
20230401_E0_ManCity_Liverpool,2022,2023-04-01,Man City,True,2.96,0.34
20230401_E0_NottmForest_Wolves,2022,2023-04-01,Nott'm Forest,True,1.29,0.46
20230401_E0_NottmForest_Wolves,2022,2023-04-01,Wolves,False,0.46,1.29
20230402_E0_Newcastle_ManUnited,2022,2023-04-02,Man United,False,0.43,3.73
20230402_E0_Newcastle_ManUnited,2022,2023-04-02,Newcastle,True,3.73,0.43
20230402_E0_WestHam_Southampton,2022,2023-04-02,Southampton,False,0.39,1.35
20230402_E0_WestHam_Southampton,2022,2023-04-02,West Ham,True,1.35,0.39
20230403_E0_Everton_Tottenham,2022,2023-04-03,Everton,True,0.89,1.48
20230403_E0_Everton_Tottenham,2022,2023-04-03,Tottenham,False,1.48,0.89
20230404_E0_Bournemouth_Brighton,2022,2023-04-04,Bournemouth,True,1.94,2.75
20230404_E0_Bournemouth_Brighton,2022,2023-04-04,Brighton,False,2.75,1.94
20230404_E0_Chelsea_Liverpool,2022,2023-04-04,Chelsea,True,2.11,0.35
20230404_E0_Chelsea_Liverpool,2022,2023-04-04,Liverpool,False,0.35,2.11
20230404_E0_Leeds_NottmForest,2022,2023-04-04,Leeds,True,1.97,0.8
20230404_E0_Leeds_NottmForest,2022,2023-04-04,Nott'm Forest,False,0.8,1.97
20230404_E0_Leicester_AstonVilla,2022,2023-04-04,Aston Villa,False,1.04,0.49
20230404_E0_Leicester_AstonVilla,2022,2023-04-04,Leicester,True,0.49,1.04
20230405_E0_ManUnited_Brentford,2022,2023-04-05,Brentford,False,0.62,1.11
20230405_E0_ManUnited_Brentford,2022,2023-04-05,Man United,True,1.11,0.62
20230405_E0_WestHam_Newcastle,2022,2023-04-05,Newcastle,False,3.11,0.8
20230405_E0_WestHam_Newcastle,2022,2023-04-05,West Ham,True,0.8,3.11
20230408_E0_AstonVilla_NottmForest,2022,2023-04-08,Aston Villa,True,1.36,0.25
20230408_E0_AstonVilla_NottmForest,2022,2023-04-08,Nott'm Forest,False,0.25,1.36
20230408_E0_Brentford_Newcastle,2022,2023-04-08,Brentford,True,2.64,1.18
20230408_E0_Brentford_Newcastle,2022,2023-04-08,Newcastle,False,1.18,2.64
20230408_E0_Fulham_WestHam,2022,2023-04-08,Fulham,True,0.68,1.1
20230408_E0_Fulham_WestHam,2022,2023-04-08,West Ham,False,1.1,0.68
20230408_E0_Leicester_Bournemouth,2022,2023-04-08,Bournemouth,False,2.33,0.69
20230408_E0_Leicester_Bournemouth,2022,2023-04-08,Leicester,True,0.69,2.33
20230408_E0_ManUnited_Everton,2022,2023-04-08,Everton,False,1.02,3.47
20230408_E0_ManUnited_Everton,2022,2023-04-08,Man United,True,3.47,1.02
20230408_E0_Southampton_ManCity,2022,2023-04-08,Man City,False,2.64,0.35
20230408_E0_Southampton_ManCity,2022,2023-04-08,Southampton,True,0.35,2.64
20230408_E0_Tottenham_Brighton,2022,2023-04-08,Brighton,False,1.43,0.83
20230408_E0_Tottenham_Brighton,2022,2023-04-08,Tottenham,True,0.83,1.43
20230408_E0_Wolves_Chelsea,2022,2023-04-08,Chelsea,False,1.05,0.55
20230408_E0_Wolves_Chelsea,2022,2023-04-08,Wolves,True,0.55,1.05
20230409_E0_Leeds_CrystalPalace,2022,2023-04-09,Crystal Palace,False,3.03,0.89
20230409_E0_Leeds_CrystalPalace,2022,2023-04-09,Leeds,True,0.89,3.03
20230409_E0_Liverpool_Arsenal,2022,2023-04-09,Arsenal,False,1.41,3.95
20230409_E0_Liverpool_Arsenal,2022,2023-04-09,Liverpool,True,3.95,1.41
20230415_E0_AstonVilla_Newcastle,2022,2023-04-15,Aston Villa,True,1.94,0.51
20230415_E0_AstonVilla_Newcastle,2022,2023-04-15,Newcastle,False,0.51,1.94
20230415_E0_Chelsea_Brighton,2022,2023-04-15,Brighton,False,2.28,0.6
20230415_E0_Chelsea_Brighton,2022,2023-04-15,Chelsea,True,0.6,2.28
20230415_E0_Everton_Fulham,2022,2023-04-15,Everton,True,1.4,1.84
20230415_E0_Everton_Fulham,2022,2023-04-15,Fulham,False,1.84,1.4
20230415_E0_ManCity_Leicester,2022,2023-04-15,Leicester,False,2.33,2.06
20230415_E0_ManCity_Leicester,2022,2023-04-15,Man City,True,2.06,2.33
20230415_E0_Southampton_CrystalPalace,2022,2023-04-15,Crystal Palace,False,0.8,0.78
20230415_E0_Southampton_CrystalPalace,2022,2023-04-15,Southampton,True,0.78,0.8
20230415_E0_Tottenham_Bournemouth,2022,2023-04-15,Bournemouth,False,1.33,2.03
20230415_E0_Tottenham_Bournemouth,2022,2023-04-15,Tottenham,True,2.03,1.33
20230415_E0_Wolves_Brentford,2022,2023-04-15,Brentford,False,1.18,0.72
20230415_E0_Wolves_Brentford,2022,2023-04-15,Wolves,True,0.72,1.18
20230416_E0_NottmForest_ManUnited,2022,2023-04-16,Man United,False,3.9,0.68
20230416_E0_NottmForest_ManUnited,2022,2023-04-16,Nott'm Forest,True,0.68,3.9
20230416_E0_WestHam_Arsenal,2022,2023-04-16,Arsenal,False,2.82,1.78
20230416_E0_WestHam_Arsenal,2022,2023-04-16,West Ham,True,1.78,2.82
20230417_E0_Leeds_Liverpool,2022,2023-04-17,Leeds,True,1.35,2.47
20230417_E0_Leeds_Liverpool,2022,2023-04-17,Liverpool,False,2.47,1.35
20230421_E0_Arsenal_Southampton,2022,2023-04-21,Arsenal,True,2.8,1.43
20230421_E0_Arsenal_Southampton,2022,2023-04-21,Southampton,False,1.43,2.8
20230422_E0_Brentford_AstonVilla,2022,2023-04-22,Aston Villa,False,1.91,2.74
20230422_E0_Brentford_AstonVilla,2022,2023-04-22,Brentford,True,2.74,1.91
20230422_E0_CrystalPalace_Everton,2022,2023-04-22,Crystal Palace,True,0.49,0.41
20230422_E0_CrystalPalace_Everton,2022,2023-04-22,Everton,False,0.41,0.49
20230422_E0_Fulham_Leeds,2022,2023-04-22,Fulham,True,1.68,0.89
20230422_E0_Fulham_Leeds,2022,2023-04-22,Leeds,False,0.89,1.68
20230422_E0_Leicester_Wolves,2022,2023-04-22,Leicester,True,2.46,0.91
20230422_E0_Leicester_Wolves,2022,2023-04-22,Wolves,False,0.91,2.46
20230422_E0_Liverpool_NottmForest,2022,2023-04-22,Liverpool,True,2.87,0.82
20230422_E0_Liverpool_NottmForest,2022,2023-04-22,Nott'm Forest,False,0.82,2.87
20230423_E0_Bournemouth_WestHam,2022,2023-04-23,Bournemouth,True,1.15,2.33
20230423_E0_Bournemouth_WestHam,2022,2023-04-23,West Ham,False,2.33,1.15
20230423_E0_Newcastle_Tottenham,2022,2023-04-23,Newcastle,True,3.7,1.02
20230423_E0_Newcastle_Tottenham,2022,2023-04-23,Tottenham,False,1.02,3.7
20230425_E0_AstonVilla_Fulham,2022,2023-04-25,Aston Villa,True,0.95,0.1
20230425_E0_AstonVilla_Fulham,2022,2023-04-25,Fulham,False,0.1,0.95
20230425_E0_Leeds_Leicester,2022,2023-04-25,Leeds,True,1.7,2.1
20230425_E0_Leeds_Leicester,2022,2023-04-25,Leicester,False,2.1,1.7
20230425_E0_Wolves_CrystalPalace,2022,2023-04-25,Crystal Palace,False,0.75,1.35
20230425_E0_Wolves_CrystalPalace,2022,2023-04-25,Wolves,True,1.35,0.75
20230426_E0_Chelsea_Brentford,2022,2023-04-26,Brentford,False,1.05,1.23
20230426_E0_Chelsea_Brentford,2022,2023-04-26,Chelsea,True,1.23,1.05
20230426_E0_ManCity_Arsenal,2022,2023-04-26,Arsenal,False,0.48,2.05
20230426_E0_ManCity_Arsenal,2022,2023-04-26,Man City,True,2.05,0.48
20230426_E0_NottmForest_Brighton,2022,2023-04-26,Brighton,False,2.4,2.48
20230426_E0_NottmForest_Brighton,2022,2023-04-26,Nott'm Forest,True,2.48,2.4
20230426_E0_WestHam_Liverpool,2022,2023-04-26,Liverpool,False,2.03,0.78
20230426_E0_WestHam_Liverpool,2022,2023-04-26,West Ham,True,0.78,2.03
20230427_E0_Everton_Newcastle,2022,2023-04-27,Everton,True,0.65,2.45
20230427_E0_Everton_Newcastle,2022,2023-04-27,Newcastle,False,2.45,0.65
20230427_E0_Southampton_Bournemouth,2022,2023-04-27,Bournemouth,False,1.0,0.51
20230427_E0_Southampton_Bournemouth,2022,2023-04-27,Southampton,True,0.51,1.0
20230427_E0_Tottenham_ManUnited,2022,2023-04-27,Man United,False,2.17,2.25
20230427_E0_Tottenham_ManUnited,2022,2023-04-27,Tottenham,True,2.25,2.17
20230429_E0_Brentford_NottmForest,2022,2023-04-29,Brentford,True,1.71,0.75
20230429_E0_Brentford_NottmForest,2022,2023-04-29,Nott'm Forest,False,0.75,1.71
20230429_E0_Brighton_Wolves,2022,2023-04-29,Brighton,True,3.28,0.7
20230429_E0_Brighton_Wolves,2022,2023-04-29,Wolves,False,0.7,3.28
20230429_E0_CrystalPalace_WestHam,2022,2023-04-29,Crystal Palace,True,2.14,1.87
20230429_E0_CrystalPalace_WestHam,2022,2023-04-29,West Ham,False,1.87,2.14
20230430_E0_Bournemouth_Leeds,2022,2023-04-30,Bournemouth,True,1.98,1.68
20230430_E0_Bournemouth_Leeds,2022,2023-04-30,Leeds,False,1.68,1.98
20230430_E0_Fulham_ManCity,2022,2023-04-30,Fulham,True,0.17,2.66
20230430_E0_Fulham_ManCity,2022,2023-04-30,Man City,False,2.66,0.17
20230430_E0_Liverpool_Tottenham,2022,2023-04-30,Liverpool,True,2.32,1.99
20230430_E0_Liverpool_Tottenham,2022,2023-04-30,Tottenham,False,1.99,2.32
20230430_E0_ManUnited_AstonVilla,2022,2023-04-30,Aston Villa,False,0.55,1.19
20230430_E0_ManUnited_AstonVilla,2022,2023-04-30,Man United,True,1.19,0.55
20230430_E0_Newcastle_Southampton,2022,2023-04-30,Newcastle,True,4.99,0.83
20230430_E0_Newcastle_Southampton,2022,2023-04-30,Southampton,False,0.83,4.99
20230501_E0_Leicester_Everton,2022,2023-05-01,Everton,False,3.33,3.46
20230501_E0_Leicester_Everton,2022,2023-05-01,Leicester,True,3.46,3.33
20230502_E0_Arsenal_Chelsea,2022,2023-05-02,Arsenal,True,2.1,0.73
20230502_E0_Arsenal_Chelsea,2022,2023-05-02,Chelsea,False,0.73,2.1
20230503_E0_Liverpool_Fulham,2022,2023-05-03,Fulham,False,0.69,1.73
20230503_E0_Liverpool_Fulham,2022,2023-05-03,Liverpool,True,1.73,0.69
20230503_E0_ManCity_WestHam,2022,2023-05-03,Man City,True,2.32,0.35
20230503_E0_ManCity_WestHam,2022,2023-05-03,West Ham,False,0.35,2.32
20230504_E0_Brighton_ManUnited,2022,2023-05-04,Brighton,True,2.29,1.38
20230504_E0_Brighton_ManUnited,2022,2023-05-04,Man United,False,1.38,2.29
20230506_E0_Bournemouth_Chelsea,2022,2023-05-06,Bournemouth,True,1.26,1.4
20230506_E0_Bournemouth_Chelsea,2022,2023-05-06,Chelsea,False,1.4,1.26
20230506_E0_Liverpool_Brentford,2022,2023-05-06,Brentford,False,0.19,2.09
20230506_E0_Liverpool_Brentford,2022,2023-05-06,Liverpool,True,2.09,0.19
20230506_E0_ManCity_Leeds,2022,2023-05-06,Leeds,False,0.22,2.48
20230506_E0_ManCity_Leeds,2022,2023-05-06,Man City,True,2.48,0.22
20230506_E0_Tottenham_CrystalPalace,2022,2023-05-06,Crystal Palace,False,0.37,0.89
20230506_E0_Tottenham_CrystalPalace,2022,2023-05-06,Tottenham,True,0.89,0.37
20230506_E0_Wolves_AstonVilla,2022,2023-05-06,Aston Villa,False,1.56,0.7
20230506_E0_Wolves_AstonVilla,2022,2023-05-06,Wolves,True,0.7,1.56
20230507_E0_Newcastle_Arsenal,2022,2023-05-07,Arsenal,False,1.19,1.29
20230507_E0_Newcastle_Arsenal,2022,2023-05-07,Newcastle,True,1.29,1.19
20230507_E0_WestHam_ManUnited,2022,2023-05-07,Man United,False,1.2,1.32
20230507_E0_WestHam_ManUnited,2022,2023-05-07,West Ham,True,1.32,1.2
20230508_E0_Brighton_Everton,2022,2023-05-08,Brighton,True,3.49,2.29
20230508_E0_Brighton_Everton,2022,2023-05-08,Everton,False,2.29,3.49
20230508_E0_Fulham_Leicester,2022,2023-05-08,Fulham,True,1.69,3.22
20230508_E0_Fulham_Leicester,2022,2023-05-08,Leicester,False,3.22,1.69
20230508_E0_NottmForest_Southampton,2022,2023-05-08,Nott'm Forest,True,1.81,3.25
20230508_E0_NottmForest_Southampton,2022,2023-05-08,Southampton,False,3.25,1.81
20230513_E0_AstonVilla_Tottenham,2022,2023-05-13,Aston Villa,True,1.16,1.36
20230513_E0_AstonVilla_Tottenham,2022,2023-05-13,Tottenham,False,1.36,1.16
20230513_E0_Chelsea_NottmForest,2022,2023-05-13,Chelsea,True,1.15,1.62
20230513_E0_Chelsea_NottmForest,2022,2023-05-13,Nott'm Forest,False,1.62,1.15
20230513_E0_CrystalPalace_Bournemouth,2022,2023-05-13,Bournemouth,False,0.33,1.54
20230513_E0_CrystalPalace_Bournemouth,2022,2023-05-13,Crystal Palace,True,1.54,0.33
20230513_E0_Leeds_Newcastle,2022,2023-05-13,Leeds,True,2.23,2.43
20230513_E0_Leeds_Newcastle,2022,2023-05-13,Newcastle,False,2.43,2.23
20230513_E0_ManUnited_Wolves,2022,2023-05-13,Man United,True,2.67,0.38
20230513_E0_ManUnited_Wolves,2022,2023-05-13,Wolves,False,0.38,2.67
20230513_E0_Southampton_Fulham,2022,2023-05-13,Fulham,False,1.5,0.24
20230513_E0_Southampton_Fulham,2022,2023-05-13,Southampton,True,0.24,1.5
20230514_E0_Arsenal_Brighton,2022,2023-05-14,Arsenal,True,0.84,1.79
20230514_E0_Arsenal_Brighton,2022,2023-05-14,Brighton,False,1.79,0.84
20230514_E0_Brentford_WestHam,2022,2023-05-14,Brentford,True,3.68,0.22
20230514_E0_Brentford_WestHam,2022,2023-05-14,West Ham,False,0.22,3.68
20230514_E0_Everton_ManCity,2022,2023-05-14,Everton,True,1.85,0.76
20230514_E0_Everton_ManCity,2022,2023-05-14,Man City,False,0.76,1.85
20230515_E0_Leicester_Liverpool,2022,2023-05-15,Leicester,True,0.55,2.04
20230515_E0_Leicester_Liverpool,2022,2023-05-15,Liverpool,False,2.04,0.55
20230518_E0_Newcastle_Brighton,2022,2023-05-18,Brighton,False,0.49,3.25
20230518_E0_Newcastle_Brighton,2022,2023-05-18,Newcastle,True,3.25,0.49
20230520_E0_Bournemouth_ManUnited,2022,2023-05-20,Bournemouth,True,1.19,1.5
20230520_E0_Bournemouth_ManUnited,2022,2023-05-20,Man United,False,1.5,1.19
20230520_E0_Fulham_CrystalPalace,2022,2023-05-20,Crystal Palace,False,1.62,1.83
20230520_E0_Fulham_CrystalPalace,2022,2023-05-20,Fulham,True,1.83,1.62
20230520_E0_Liverpool_AstonVilla,2022,2023-05-20,Aston Villa,False,1.39,0.75
20230520_E0_Liverpool_AstonVilla,2022,2023-05-20,Liverpool,True,0.75,1.39
20230520_E0_NottmForest_Arsenal,2022,2023-05-20,Arsenal,False,0.64,0.56
20230520_E0_NottmForest_Arsenal,2022,2023-05-20,Nott'm Forest,True,0.56,0.64
20230520_E0_Tottenham_Brentford,2022,2023-05-20,Brentford,False,1.28,1.89
20230520_E0_Tottenham_Brentford,2022,2023-05-20,Tottenham,True,1.89,1.28
20230520_E0_Wolves_Everton,2022,2023-05-20,Everton,False,1.97,1.65
20230520_E0_Wolves_Everton,2022,2023-05-20,Wolves,True,1.65,1.97
20230521_E0_Brighton_Southampton,2022,2023-05-21,Brighton,True,2.54,0.65
20230521_E0_Brighton_Southampton,2022,2023-05-21,Southampton,False,0.65,2.54
20230521_E0_ManCity_Chelsea,2022,2023-05-21,Chelsea,False,1.23,1.09
20230521_E0_ManCity_Chelsea,2022,2023-05-21,Man City,True,1.09,1.23
20230521_E0_WestHam_Leeds,2022,2023-05-21,Leeds,False,0.89,2.15
20230521_E0_WestHam_Leeds,2022,2023-05-21,West Ham,True,2.15,0.89
20230522_E0_Newcastle_Leicester,2022,2023-05-22,Leicester,False,0.07,2.07
20230522_E0_Newcastle_Leicester,2022,2023-05-22,Newcastle,True,2.07,0.07
20230524_E0_Brighton_ManCity,2022,2023-05-24,Brighton,True,2.52,1.77
20230524_E0_Brighton_ManCity,2022,2023-05-24,Man City,False,1.77,2.52
20230525_E0_ManUnited_Chelsea,2022,2023-05-25,Chelsea,False,1.93,5.16
20230525_E0_ManUnited_Chelsea,2022,2023-05-25,Man United,True,5.16,1.93
20230528_E0_Arsenal_Wolves,2022,2023-05-28,Arsenal,True,2.39,0.48
20230528_E0_Arsenal_Wolves,2022,2023-05-28,Wolves,False,0.48,2.39
20230528_E0_AstonVilla_Brighton,2022,2023-05-28,Aston Villa,True,2.81,1.49
20230528_E0_AstonVilla_Brighton,2022,2023-05-28,Brighton,False,1.49,2.81
20230528_E0_Brentford_ManCity,2022,2023-05-28,Brentford,True,0.41,0.65
20230528_E0_Brentford_ManCity,2022,2023-05-28,Man City,False,0.65,0.41
20230528_E0_Chelsea_Newcastle,2022,2023-05-28,Chelsea,True,2.22,1.69
20230528_E0_Chelsea_Newcastle,2022,2023-05-28,Newcastle,False,1.69,2.22
20230528_E0_CrystalPalace_NottmForest,2022,2023-05-28,Crystal Palace,True,1.61,0.48
20230528_E0_CrystalPalace_NottmForest,2022,2023-05-28,Nott'm Forest,False,0.48,1.61
20230528_E0_Everton_Bournemouth,2022,2023-05-28,Bournemouth,False,0.48,0.99
20230528_E0_Everton_Bournemouth,2022,2023-05-28,Everton,True,0.99,0.48
20230528_E0_Leeds_Tottenham,2022,2023-05-28,Leeds,True,1.5,2.14
20230528_E0_Leeds_Tottenham,2022,2023-05-28,Tottenham,False,2.14,1.5
20230528_E0_Leicester_WestHam,2022,2023-05-28,Leicester,True,1.44,1.35
20230528_E0_Leicester_WestHam,2022,2023-05-28,West Ham,False,1.35,1.44
20230528_E0_ManUnited_Fulham,2022,2023-05-28,Fulham,False,1.8,2.71
20230528_E0_ManUnited_Fulham,2022,2023-05-28,Man United,True,2.71,1.8
20230528_E0_Southampton_Liverpool,2022,2023-05-28,Liverpool,False,3.87,1.81
20230528_E0_Southampton_Liverpool,2022,2023-05-28,Southampton,True,1.81,3.87
20230811_E0_Burnley_ManCity,2023,2023-08-11,Burnley,True,0.29,2.21
20230811_E0_Burnley_ManCity,2023,2023-08-11,Man City,False,2.21,0.29
20230812_E0_Arsenal_NottmForest,2023,2023-08-12,Arsenal,True,0.84,1.17
20230812_E0_Arsenal_NottmForest,2023,2023-08-12,Nott'm Forest,False,1.17,0.84
20230812_E0_Bournemouth_WestHam,2023,2023-08-12,Bournemouth,True,1.37,1.06
20230812_E0_Bournemouth_WestHam,2023,2023-08-12,West Ham,False,1.06,1.37
20230812_E0_Brighton_Luton,2023,2023-08-12,Brighton,True,4.12,1.46
20230812_E0_Brighton_Luton,2023,2023-08-12,Luton,False,1.46,4.12
20230812_E0_Everton_Fulham,2023,2023-08-12,Everton,True,2.73,1.48
20230812_E0_Everton_Fulham,2023,2023-08-12,Fulham,False,1.48,2.73
20230812_E0_Newcastle_AstonVilla,2023,2023-08-12,Aston Villa,False,1.91,3.46
20230812_E0_Newcastle_AstonVilla,2023,2023-08-12,Newcastle,True,3.46,1.91
20230812_E0_SheffieldUnited_CrystalPalace,2023,2023-08-12,Crystal Palace,False,2.0,0.49
20230812_E0_SheffieldUnited_CrystalPalace,2023,2023-08-12,Sheffield United,True,0.49,2.0
20230813_E0_Brentford_Tottenham,2023,2023-08-13,Brentford,True,2.01,1.28
20230813_E0_Brentford_Tottenham,2023,2023-08-13,Tottenham,False,1.28,2.01
20230813_E0_Chelsea_Liverpool,2023,2023-08-13,Chelsea,True,1.28,1.27
20230813_E0_Chelsea_Liverpool,2023,2023-08-13,Liverpool,False,1.27,1.28
20230814_E0_ManUnited_Wolves,2023,2023-08-14,Man United,True,1.46,2.27
20230814_E0_ManUnited_Wolves,2023,2023-08-14,Wolves,False,2.27,1.46
20230818_E0_NottmForest_SheffieldUnited,2023,2023-08-18,Nott'm Forest,True,1.36,0.51
20230818_E0_NottmForest_SheffieldUnited,2023,2023-08-18,Sheffield United,False,0.51,1.36
20230819_E0_Fulham_Brentford,2023,2023-08-19,Brentford,False,3.8,0.46
20230819_E0_Fulham_Brentford,2023,2023-08-19,Fulham,True,0.46,3.8
20230819_E0_Liverpool_Bournemouth,2023,2023-08-19,Bournemouth,False,1.36,3.09
20230819_E0_Liverpool_Bournemouth,2023,2023-08-19,Liverpool,True,3.09,1.36
20230819_E0_ManCity_Newcastle,2023,2023-08-19,Man City,True,1.09,0.29
20230819_E0_ManCity_Newcastle,2023,2023-08-19,Newcastle,False,0.29,1.09
20230819_E0_Tottenham_ManUnited,2023,2023-08-19,Man United,False,1.99,1.81
20230819_E0_Tottenham_ManUnited,2023,2023-08-19,Tottenham,True,1.81,1.99
20230819_E0_Wolves_Brighton,2023,2023-08-19,Brighton,False,2.27,2.36
20230819_E0_Wolves_Brighton,2023,2023-08-19,Wolves,True,2.36,2.27
20230820_E0_AstonVilla_Everton,2023,2023-08-20,Aston Villa,True,3.12,0.68
20230820_E0_AstonVilla_Everton,2023,2023-08-20,Everton,False,0.68,3.12
20230820_E0_WestHam_Chelsea,2023,2023-08-20,Chelsea,False,2.47,1.8
20230820_E0_WestHam_Chelsea,2023,2023-08-20,West Ham,True,1.8,2.47
20230821_E0_CrystalPalace_Arsenal,2023,2023-08-21,Arsenal,False,2.0,1.07
20230821_E0_CrystalPalace_Arsenal,2023,2023-08-21,Crystal Palace,True,1.07,2.0
20230825_E0_Chelsea_Luton,2023,2023-08-25,Chelsea,True,2.1,0.43
20230825_E0_Chelsea_Luton,2023,2023-08-25,Luton,False,0.43,2.1
20230826_E0_Arsenal_Fulham,2023,2023-08-26,Arsenal,True,3.25,0.55
20230826_E0_Arsenal_Fulham,2023,2023-08-26,Fulham,False,0.55,3.25
20230826_E0_Bournemouth_Tottenham,2023,2023-08-26,Bournemouth,True,0.68,2.12
20230826_E0_Bournemouth_Tottenham,2023,2023-08-26,Tottenham,False,2.12,0.68
20230826_E0_Brentford_CrystalPalace,2023,2023-08-26,Brentford,True,0.97,0.81
20230826_E0_Brentford_CrystalPalace,2023,2023-08-26,Crystal Palace,False,0.81,0.97
20230826_E0_Brighton_WestHam,2023,2023-08-26,Brighton,True,1.56,3.33
20230826_E0_Brighton_WestHam,2023,2023-08-26,West Ham,False,3.33,1.56
20230826_E0_Everton_Wolves,2023,2023-08-26,Everton,True,1.2,1.16
20230826_E0_Everton_Wolves,2023,2023-08-26,Wolves,False,1.16,1.2
20230826_E0_ManUnited_NottmForest,2023,2023-08-26,Man United,True,2.93,1.24
20230826_E0_ManUnited_NottmForest,2023,2023-08-26,Nott'm Forest,False,1.24,2.93
20230827_E0_Burnley_AstonVilla,2023,2023-08-27,Aston Villa,False,2.62,0.73
20230827_E0_Burnley_AstonVilla,2023,2023-08-27,Burnley,True,0.73,2.62
20230827_E0_Newcastle_Liverpool,2023,2023-08-27,Liverpool,False,0.95,1.99
20230827_E0_Newcastle_Liverpool,2023,2023-08-27,Newcastle,True,1.99,0.95
20230827_E0_SheffieldUnited_ManCity,2023,2023-08-27,Man City,False,3.53,0.72
20230827_E0_SheffieldUnited_ManCity,2023,2023-08-27,Sheffield United,True,0.72,3.53
20230901_E0_Luton_WestHam,2023,2023-09-01,Luton,True,1.43,1.07
20230901_E0_Luton_WestHam,2023,2023-09-01,West Ham,False,1.07,1.43
20230902_E0_Brentford_Bournemouth,2023,2023-09-02,Bournemouth,False,2.02,3.28
20230902_E0_Brentford_Bournemouth,2023,2023-09-02,Brentford,True,3.28,2.02
20230902_E0_Brighton_Newcastle,2023,2023-09-02,Brighton,True,1.5,1.32
20230902_E0_Brighton_Newcastle,2023,2023-09-02,Newcastle,False,1.32,1.5
20230902_E0_Burnley_Tottenham,2023,2023-09-02,Burnley,True,1.35,2.27
20230902_E0_Burnley_Tottenham,2023,2023-09-02,Tottenham,False,2.27,1.35
20230902_E0_Chelsea_NottmForest,2023,2023-09-02,Chelsea,True,2.14,0.71
20230902_E0_Chelsea_NottmForest,2023,2023-09-02,Nott'm Forest,False,0.71,2.14
20230902_E0_ManCity_Fulham,2023,2023-09-02,Fulham,False,1.85,2.26
20230902_E0_ManCity_Fulham,2023,2023-09-02,Man City,True,2.26,1.85
20230902_E0_SheffieldUnited_Everton,2023,2023-09-02,Everton,False,2.59,1.27
20230902_E0_SheffieldUnited_Everton,2023,2023-09-02,Sheffield United,True,1.27,2.59
20230903_E0_Arsenal_ManUnited,2023,2023-09-03,Arsenal,True,2.28,0.96
20230903_E0_Arsenal_ManUnited,2023,2023-09-03,Man United,False,0.96,2.28
20230903_E0_CrystalPalace_Wolves,2023,2023-09-03,Crystal Palace,True,2.17,1.34
20230903_E0_CrystalPalace_Wolves,2023,2023-09-03,Wolves,False,1.34,2.17
20230903_E0_Liverpool_AstonVilla,2023,2023-09-03,Aston Villa,False,0.65,2.48
20230903_E0_Liverpool_AstonVilla,2023,2023-09-03,Liverpool,True,2.48,0.65
20230916_E0_AstonVilla_CrystalPalace,2023,2023-09-16,Aston Villa,True,3.2,1.17
20230916_E0_AstonVilla_CrystalPalace,2023,2023-09-16,Crystal Palace,False,1.17,3.2
20230916_E0_Fulham_Luton,2023,2023-09-16,Fulham,True,0.98,1.28
20230916_E0_Fulham_Luton,2023,2023-09-16,Luton,False,1.28,0.98
20230916_E0_ManUnited_Brighton,2023,2023-09-16,Brighton,False,1.9,0.96
20230916_E0_ManUnited_Brighton,2023,2023-09-16,Man United,True,0.96,1.9
20230916_E0_Newcastle_Brentford,2023,2023-09-16,Brentford,False,0.53,1.43
20230916_E0_Newcastle_Brentford,2023,2023-09-16,Newcastle,True,1.43,0.53
20230916_E0_Tottenham_SheffieldUnited,2023,2023-09-16,Sheffield United,False,0.58,1.87
20230916_E0_Tottenham_SheffieldUnited,2023,2023-09-16,Tottenham,True,1.87,0.58
20230916_E0_WestHam_ManCity,2023,2023-09-16,Man City,False,3.68,0.94
20230916_E0_WestHam_ManCity,2023,2023-09-16,West Ham,True,0.94,3.68
20230916_E0_Wolves_Liverpool,2023,2023-09-16,Liverpool,False,2.55,0.63
20230916_E0_Wolves_Liverpool,2023,2023-09-16,Wolves,True,0.63,2.55
20230917_E0_Bournemouth_Chelsea,2023,2023-09-17,Bournemouth,True,1.19,1.74
20230917_E0_Bournemouth_Chelsea,2023,2023-09-17,Chelsea,False,1.74,1.19
20230917_E0_Everton_Arsenal,2023,2023-09-17,Arsenal,False,1.06,0.3
20230917_E0_Everton_Arsenal,2023,2023-09-17,Everton,True,0.3,1.06
20230918_E0_NottmForest_Burnley,2023,2023-09-18,Burnley,False,0.58,0.72
20230918_E0_NottmForest_Burnley,2023,2023-09-18,Nott'm Forest,True,0.72,0.58
20230923_E0_Brentford_Everton,2023,2023-09-23,Brentford,True,1.03,1.84
20230923_E0_Brentford_Everton,2023,2023-09-23,Everton,False,1.84,1.03
20230923_E0_Burnley_ManUnited,2023,2023-09-23,Burnley,True,1.13,0.9
20230923_E0_Burnley_ManUnited,2023,2023-09-23,Man United,False,0.9,1.13
20230923_E0_CrystalPalace_Fulham,2023,2023-09-23,Crystal Palace,True,0.3,0.6
20230923_E0_CrystalPalace_Fulham,2023,2023-09-23,Fulham,False,0.6,0.3
20230923_E0_Luton_Wolves,2023,2023-09-23,Luton,True,2.18,0.63
20230923_E0_Luton_Wolves,2023,2023-09-23,Wolves,False,0.63,2.18
20230923_E0_ManCity_NottmForest,2023,2023-09-23,Man City,True,1.34,1.02
20230923_E0_ManCity_NottmForest,2023,2023-09-23,Nott'm Forest,False,1.02,1.34
20230924_E0_Arsenal_Tottenham,2023,2023-09-24,Arsenal,True,2.08,1.49
20230924_E0_Arsenal_Tottenham,2023,2023-09-24,Tottenham,False,1.49,2.08
20230924_E0_Brighton_Bournemouth,2023,2023-09-24,Bournemouth,False,1.38,1.88
20230924_E0_Brighton_Bournemouth,2023,2023-09-24,Brighton,True,1.88,1.38
20230924_E0_Chelsea_AstonVilla,2023,2023-09-24,Aston Villa,False,1.03,1.36
20230924_E0_Chelsea_AstonVilla,2023,2023-09-24,Chelsea,True,1.36,1.03
20230924_E0_Liverpool_WestHam,2023,2023-09-24,Liverpool,True,3.04,1.1
20230924_E0_Liverpool_WestHam,2023,2023-09-24,West Ham,False,1.1,3.04
20230924_E0_SheffieldUnited_Newcastle,2023,2023-09-24,Newcastle,False,3.95,0.93
20230924_E0_SheffieldUnited_Newcastle,2023,2023-09-24,Sheffield United,True,0.93,3.95
20230930_E0_AstonVilla_Brighton,2023,2023-09-30,Aston Villa,True,1.61,1.7
20230930_E0_AstonVilla_Brighton,2023,2023-09-30,Brighton,False,1.7,1.61
20230930_E0_Bournemouth_Arsenal,2023,2023-09-30,Arsenal,False,3.5,0.68
20230930_E0_Bournemouth_Arsenal,2023,2023-09-30,Bournemouth,True,0.68,3.5
20230930_E0_Everton_Luton,2023,2023-09-30,Everton,True,3.66,0.92
20230930_E0_Everton_Luton,2023,2023-09-30,Luton,False,0.92,3.66
20230930_E0_ManUnited_CrystalPalace,2023,2023-09-30,Crystal Palace,False,0.81,1.69
20230930_E0_ManUnited_CrystalPalace,2023,2023-09-30,Man United,True,1.69,0.81
20230930_E0_Newcastle_Burnley,2023,2023-09-30,Burnley,False,0.66,3.17
20230930_E0_Newcastle_Burnley,2023,2023-09-30,Newcastle,True,3.17,0.66
20230930_E0_Tottenham_Liverpool,2023,2023-09-30,Liverpool,False,1.37,2.1
20230930_E0_Tottenham_Liverpool,2023,2023-09-30,Tottenham,True,2.1,1.37
20230930_E0_WestHam_SheffieldUnited,2023,2023-09-30,Sheffield United,False,1.07,2.19
20230930_E0_WestHam_SheffieldUnited,2023,2023-09-30,West Ham,True,2.19,1.07
20230930_E0_Wolves_ManCity,2023,2023-09-30,Man City,False,0.87,0.44
20230930_E0_Wolves_ManCity,2023,2023-09-30,Wolves,True,0.44,0.87
20231001_E0_NottmForest_Brentford,2023,2023-10-01,Brentford,False,1.7,0.47
20231001_E0_NottmForest_Brentford,2023,2023-10-01,Nott'm Forest,True,0.47,1.7
20231002_E0_Fulham_Chelsea,2023,2023-10-02,Chelsea,False,1.77,1.12
20231002_E0_Fulham_Chelsea,2023,2023-10-02,Fulham,True,1.12,1.77
20231003_E0_Luton_Burnley,2023,2023-10-03,Burnley,False,1.04,1.29
20231003_E0_Luton_Burnley,2023,2023-10-03,Luton,True,1.29,1.04
20231007_E0_Burnley_Chelsea,2023,2023-10-07,Burnley,True,0.76,1.57
20231007_E0_Burnley_Chelsea,2023,2023-10-07,Chelsea,False,1.57,0.76
20231007_E0_CrystalPalace_NottmForest,2023,2023-10-07,Crystal Palace,True,0.8,1.18
20231007_E0_CrystalPalace_NottmForest,2023,2023-10-07,Nott'm Forest,False,1.18,0.8
20231007_E0_Everton_Bournemouth,2023,2023-10-07,Bournemouth,False,0.72,2.71
20231007_E0_Everton_Bournemouth,2023,2023-10-07,Everton,True,2.71,0.72
20231007_E0_Fulham_SheffieldUnited,2023,2023-10-07,Fulham,True,2.14,0.57
20231007_E0_Fulham_SheffieldUnited,2023,2023-10-07,Sheffield United,False,0.57,2.14
20231007_E0_Luton_Tottenham,2023,2023-10-07,Luton,True,0.84,1.99
20231007_E0_Luton_Tottenham,2023,2023-10-07,Tottenham,False,1.99,0.84
20231007_E0_ManUnited_Brentford,2023,2023-10-07,Brentford,False,0.95,1.45
20231007_E0_ManUnited_Brentford,2023,2023-10-07,Man United,True,1.45,0.95
20231008_E0_Arsenal_ManCity,2023,2023-10-08,Arsenal,True,0.41,0.55
20231008_E0_Arsenal_ManCity,2023,2023-10-08,Man City,False,0.55,0.41
20231008_E0_Brighton_Liverpool,2023,2023-10-08,Brighton,True,2.31,2.48
20231008_E0_Brighton_Liverpool,2023,2023-10-08,Liverpool,False,2.48,2.31
20231008_E0_WestHam_Newcastle,2023,2023-10-08,Newcastle,False,1.96,1.22
20231008_E0_WestHam_Newcastle,2023,2023-10-08,West Ham,True,1.22,1.96
20231008_E0_Wolves_AstonVilla,2023,2023-10-08,Aston Villa,False,1.65,1.19
20231008_E0_Wolves_AstonVilla,2023,2023-10-08,Wolves,True,1.19,1.65
20231021_E0_Bournemouth_Wolves,2023,2023-10-21,Bournemouth,True,0.61,2.11
20231021_E0_Bournemouth_Wolves,2023,2023-10-21,Wolves,False,2.11,0.61
20231021_E0_Brentford_Burnley,2023,2023-10-21,Brentford,True,3.22,1.14
20231021_E0_Brentford_Burnley,2023,2023-10-21,Burnley,False,1.14,3.22
20231021_E0_Chelsea_Arsenal,2023,2023-10-21,Arsenal,False,1.06,1.36
20231021_E0_Chelsea_Arsenal,2023,2023-10-21,Chelsea,True,1.36,1.06
20231021_E0_Liverpool_Everton,2023,2023-10-21,Everton,False,0.13,2.25
20231021_E0_Liverpool_Everton,2023,2023-10-21,Liverpool,True,2.25,0.13
20231021_E0_ManCity_Brighton,2023,2023-10-21,Brighton,False,0.82,0.75
20231021_E0_ManCity_Brighton,2023,2023-10-21,Man City,True,0.75,0.82
20231021_E0_Newcastle_CrystalPalace,2023,2023-10-21,Crystal Palace,False,1.22,2.4
20231021_E0_Newcastle_CrystalPalace,2023,2023-10-21,Newcastle,True,2.4,1.22
20231021_E0_NottmForest_Luton,2023,2023-10-21,Luton,False,1.71,2.97
20231021_E0_NottmForest_Luton,2023,2023-10-21,Nott'm Forest,True,2.97,1.71
20231021_E0_SheffieldUnited_ManUnited,2023,2023-10-21,Man United,False,1.04,1.38
20231021_E0_SheffieldUnited_ManUnited,2023,2023-10-21,Sheffield United,True,1.38,1.04
20231022_E0_AstonVilla_WestHam,2023,2023-10-22,Aston Villa,True,2.03,1.15
20231022_E0_AstonVilla_WestHam,2023,2023-10-22,West Ham,False,1.15,2.03
20231023_E0_Tottenham_Fulham,2023,2023-10-23,Fulham,False,1.04,1.51
20231023_E0_Tottenham_Fulham,2023,2023-10-23,Tottenham,True,1.51,1.04
20231027_E0_CrystalPalace_Tottenham,2023,2023-10-27,Crystal Palace,True,0.66,1.1
20231027_E0_CrystalPalace_Tottenham,2023,2023-10-27,Tottenham,False,1.1,0.66
20231028_E0_Arsenal_SheffieldUnited,2023,2023-10-28,Arsenal,True,2.79,0.03
20231028_E0_Arsenal_SheffieldUnited,2023,2023-10-28,Sheffield United,False,0.03,2.79
20231028_E0_Bournemouth_Burnley,2023,2023-10-28,Bournemouth,True,1.08,0.88
20231028_E0_Bournemouth_Burnley,2023,2023-10-28,Burnley,False,0.88,1.08
20231028_E0_Chelsea_Brentford,2023,2023-10-28,Brentford,False,2.16,2.03
20231028_E0_Chelsea_Brentford,2023,2023-10-28,Chelsea,True,2.03,2.16
20231028_E0_Wolves_Newcastle,2023,2023-10-28,Newcastle,False,2.18,0.98
20231028_E0_Wolves_Newcastle,2023,2023-10-28,Wolves,True,0.98,2.18
20231029_E0_AstonVilla_Luton,2023,2023-10-29,Aston Villa,True,2.4,0.49
20231029_E0_AstonVilla_Luton,2023,2023-10-29,Luton,False,0.49,2.4
20231029_E0_Brighton_Fulham,2023,2023-10-29,Brighton,True,1.32,0.72
20231029_E0_Brighton_Fulham,2023,2023-10-29,Fulham,False,0.72,1.32
20231029_E0_Liverpool_NottmForest,2023,2023-10-29,Liverpool,True,3.03,0.45
20231029_E0_Liverpool_NottmForest,2023,2023-10-29,Nott'm Forest,False,0.45,3.03
20231029_E0_ManUnited_ManCity,2023,2023-10-29,Man City,False,3.98,1.03
20231029_E0_ManUnited_ManCity,2023,2023-10-29,Man United,True,1.03,3.98
20231029_E0_WestHam_Everton,2023,2023-10-29,Everton,False,0.82,0.67
20231029_E0_WestHam_Everton,2023,2023-10-29,West Ham,True,0.67,0.82
20231104_E0_Brentford_WestHam,2023,2023-11-04,Brentford,True,1.41,2.09
20231104_E0_Brentford_WestHam,2023,2023-11-04,West Ham,False,2.09,1.41
20231104_E0_Burnley_CrystalPalace,2023,2023-11-04,Burnley,True,1.13,1.32
20231104_E0_Burnley_CrystalPalace,2023,2023-11-04,Crystal Palace,False,1.32,1.13
20231104_E0_Everton_Brighton,2023,2023-11-04,Brighton,False,0.55,0.71
20231104_E0_Everton_Brighton,2023,2023-11-04,Everton,True,0.71,0.55
20231104_E0_Fulham_ManUnited,2023,2023-11-04,Fulham,True,1.01,0.7
20231104_E0_Fulham_ManUnited,2023,2023-11-04,Man United,False,0.7,1.01
20231104_E0_ManCity_Bournemouth,2023,2023-11-04,Bournemouth,False,0.77,1.88
20231104_E0_ManCity_Bournemouth,2023,2023-11-04,Man City,True,1.88,0.77
20231104_E0_Newcastle_Arsenal,2023,2023-11-04,Arsenal,False,0.57,1.19
20231104_E0_Newcastle_Arsenal,2023,2023-11-04,Newcastle,True,1.19,0.57
20231104_E0_SheffieldUnited_Wolves,2023,2023-11-04,Sheffield United,True,1.05,1.32
20231104_E0_SheffieldUnited_Wolves,2023,2023-11-04,Wolves,False,1.32,1.05
20231105_E0_Luton_Liverpool,2023,2023-11-05,Liverpool,False,3.04,0.81
20231105_E0_Luton_Liverpool,2023,2023-11-05,Luton,True,0.81,3.04
20231105_E0_NottmForest_AstonVilla,2023,2023-11-05,Aston Villa,False,1.26,0.4
20231105_E0_NottmForest_AstonVilla,2023,2023-11-05,Nott'm Forest,True,0.4,1.26
20231106_E0_Tottenham_Chelsea,2023,2023-11-06,Chelsea,False,4.04,0.96
20231106_E0_Tottenham_Chelsea,2023,2023-11-06,Tottenham,True,0.96,4.04
20231111_E0_Arsenal_Burnley,2023,2023-11-11,Arsenal,True,2.02,0.35
20231111_E0_Arsenal_Burnley,2023,2023-11-11,Burnley,False,0.35,2.02
20231111_E0_Bournemouth_Newcastle,2023,2023-11-11,Bournemouth,True,2.56,0.51
20231111_E0_Bournemouth_Newcastle,2023,2023-11-11,Newcastle,False,0.51,2.56
20231111_E0_CrystalPalace_Everton,2023,2023-11-11,Crystal Palace,True,2.25,1.63
20231111_E0_CrystalPalace_Everton,2023,2023-11-11,Everton,False,1.63,2.25
20231111_E0_ManUnited_Luton,2023,2023-11-11,Luton,False,0.43,2.12
20231111_E0_ManUnited_Luton,2023,2023-11-11,Man United,True,2.12,0.43
20231111_E0_Wolves_Tottenham,2023,2023-11-11,Tottenham,False,0.7,2.14
20231111_E0_Wolves_Tottenham,2023,2023-11-11,Wolves,True,2.14,0.7
20231112_E0_AstonVilla_Fulham,2023,2023-11-12,Aston Villa,True,3.1,0.93
20231112_E0_AstonVilla_Fulham,2023,2023-11-12,Fulham,False,0.93,3.1
20231112_E0_Brighton_SheffieldUnited,2023,2023-11-12,Brighton,True,1.53,1.31
20231112_E0_Brighton_SheffieldUnited,2023,2023-11-12,Sheffield United,False,1.31,1.53
20231112_E0_Chelsea_ManCity,2023,2023-11-12,Chelsea,True,2.96,2.89
20231112_E0_Chelsea_ManCity,2023,2023-11-12,Man City,False,2.89,2.96
20231112_E0_Liverpool_Brentford,2023,2023-11-12,Brentford,False,1.57,1.55
20231112_E0_Liverpool_Brentford,2023,2023-11-12,Liverpool,True,1.55,1.57
20231112_E0_WestHam_NottmForest,2023,2023-11-12,Nott'm Forest,False,1.8,1.54
20231112_E0_WestHam_NottmForest,2023,2023-11-12,West Ham,True,1.54,1.8
20231125_E0_Brentford_Arsenal,2023,2023-11-25,Arsenal,False,1.52,1.17
20231125_E0_Brentford_Arsenal,2023,2023-11-25,Brentford,True,1.17,1.52
20231125_E0_Burnley_WestHam,2023,2023-11-25,Burnley,True,1.27,1.03
20231125_E0_Burnley_WestHam,2023,2023-11-25,West Ham,False,1.03,1.27
20231125_E0_Luton_CrystalPalace,2023,2023-11-25,Crystal Palace,False,1.68,0.83
20231125_E0_Luton_CrystalPalace,2023,2023-11-25,Luton,True,0.83,1.68
20231125_E0_ManCity_Liverpool,2023,2023-11-25,Liverpool,False,0.56,1.36
20231125_E0_ManCity_Liverpool,2023,2023-11-25,Man City,True,1.36,0.56
20231125_E0_Newcastle_Chelsea,2023,2023-11-25,Chelsea,False,0.57,2.29
20231125_E0_Newcastle_Chelsea,2023,2023-11-25,Newcastle,True,2.29,0.57
20231125_E0_NottmForest_Brighton,2023,2023-11-25,Brighton,False,1.48,2.15
20231125_E0_NottmForest_Brighton,2023,2023-11-25,Nott'm Forest,True,2.15,1.48
20231125_E0_SheffieldUnited_Bournemouth,2023,2023-11-25,Bournemouth,False,2.72,0.81
20231125_E0_SheffieldUnited_Bournemouth,2023,2023-11-25,Sheffield United,True,0.81,2.72
20231126_E0_Everton_ManUnited,2023,2023-11-26,Everton,True,2.79,2.18
20231126_E0_Everton_ManUnited,2023,2023-11-26,Man United,False,2.18,2.79
20231126_E0_Tottenham_AstonVilla,2023,2023-11-26,Aston Villa,False,1.77,2.41
20231126_E0_Tottenham_AstonVilla,2023,2023-11-26,Tottenham,True,2.41,1.77
20231127_E0_Fulham_Wolves,2023,2023-11-27,Fulham,True,2.85,1.43
20231127_E0_Fulham_Wolves,2023,2023-11-27,Wolves,False,1.43,2.85
20231202_E0_Arsenal_Wolves,2023,2023-12-02,Arsenal,True,2.92,0.71
20231202_E0_Arsenal_Wolves,2023,2023-12-02,Wolves,False,0.71,2.92
20231202_E0_Brentford_Luton,2023,2023-12-02,Brentford,True,3.53,0.24
20231202_E0_Brentford_Luton,2023,2023-12-02,Luton,False,0.24,3.53
20231202_E0_Burnley_SheffieldUnited,2023,2023-12-02,Burnley,True,1.85,0.39
20231202_E0_Burnley_SheffieldUnited,2023,2023-12-02,Sheffield United,False,0.39,1.85
20231202_E0_Newcastle_ManUnited,2023,2023-12-02,Man United,False,0.36,2.64
20231202_E0_Newcastle_ManUnited,2023,2023-12-02,Newcastle,True,2.64,0.36
20231202_E0_NottmForest_Everton,2023,2023-12-02,Everton,False,0.69,0.71
20231202_E0_NottmForest_Everton,2023,2023-12-02,Nott'm Forest,True,0.71,0.69
20231203_E0_Bournemouth_AstonVilla,2023,2023-12-03,Aston Villa,False,0.68,2.02
20231203_E0_Bournemouth_AstonVilla,2023,2023-12-03,Bournemouth,True,2.02,0.68
20231203_E0_Chelsea_Brighton,2023,2023-12-03,Brighton,False,1.05,1.93
20231203_E0_Chelsea_Brighton,2023,2023-12-03,Chelsea,True,1.93,1.05
20231203_E0_Liverpool_Fulham,2023,2023-12-03,Fulham,False,1.23,2.39
20231203_E0_Liverpool_Fulham,2023,2023-12-03,Liverpool,True,2.39,1.23
20231203_E0_ManCity_Tottenham,2023,2023-12-03,Man City,True,2.64,0.5
20231203_E0_ManCity_Tottenham,2023,2023-12-03,Tottenham,False,0.5,2.64
20231203_E0_WestHam_CrystalPalace,2023,2023-12-03,Crystal Palace,False,0.88,1.26
20231203_E0_WestHam_CrystalPalace,2023,2023-12-03,West Ham,True,1.26,0.88
20231205_E0_Luton_Arsenal,2023,2023-12-05,Arsenal,False,2.43,0.5
20231205_E0_Luton_Arsenal,2023,2023-12-05,Luton,True,0.5,2.43
20231205_E0_Wolves_Burnley,2023,2023-12-05,Burnley,False,0.85,0.82
20231205_E0_Wolves_Burnley,2023,2023-12-05,Wolves,True,0.82,0.85
20231206_E0_AstonVilla_ManCity,2023,2023-12-06,Aston Villa,True,2.04,0.83
20231206_E0_AstonVilla_ManCity,2023,2023-12-06,Man City,False,0.83,2.04
20231206_E0_Brighton_Brentford,2023,2023-12-06,Brentford,False,1.33,1.51
20231206_E0_Brighton_Brentford,2023,2023-12-06,Brighton,True,1.51,1.33
20231206_E0_CrystalPalace_Bournemouth,2023,2023-12-06,Bournemouth,False,1.74,0.73
20231206_E0_CrystalPalace_Bournemouth,2023,2023-12-06,Crystal Palace,True,0.73,1.74
20231206_E0_Fulham_NottmForest,2023,2023-12-06,Fulham,True,2.52,0.29
20231206_E0_Fulham_NottmForest,2023,2023-12-06,Nott'm Forest,False,0.29,2.52
20231206_E0_ManUnited_Chelsea,2023,2023-12-06,Chelsea,False,1.4,4.13
20231206_E0_ManUnited_Chelsea,2023,2023-12-06,Man United,True,4.13,1.4
20231206_E0_SheffieldUnited_Liverpool,2023,2023-12-06,Liverpool,False,1.79,0.67
20231206_E0_SheffieldUnited_Liverpool,2023,2023-12-06,Sheffield United,True,0.67,1.79
20231207_E0_Everton_Newcastle,2023,2023-12-07,Everton,True,3.24,1.59
20231207_E0_Everton_Newcastle,2023,2023-12-07,Newcastle,False,1.59,3.24
20231207_E0_Tottenham_WestHam,2023,2023-12-07,Tottenham,True,1.74,2.07
20231207_E0_Tottenham_WestHam,2023,2023-12-07,West Ham,False,2.07,1.74
20231209_E0_AstonVilla_Arsenal,2023,2023-12-09,Arsenal,False,1.38,0.52
20231209_E0_AstonVilla_Arsenal,2023,2023-12-09,Aston Villa,True,0.52,1.38
20231209_E0_Brighton_Burnley,2023,2023-12-09,Brighton,True,2.73,0.93
20231209_E0_Brighton_Burnley,2023,2023-12-09,Burnley,False,0.93,2.73
20231209_E0_CrystalPalace_Liverpool,2023,2023-12-09,Crystal Palace,True,1.74,1.24
20231209_E0_CrystalPalace_Liverpool,2023,2023-12-09,Liverpool,False,1.24,1.74
20231209_E0_ManUnited_Bournemouth,2023,2023-12-09,Bournemouth,False,1.47,1.16
20231209_E0_ManUnited_Bournemouth,2023,2023-12-09,Man United,True,1.16,1.47
20231209_E0_SheffieldUnited_Brentford,2023,2023-12-09,Brentford,False,0.64,0.89
20231209_E0_SheffieldUnited_Brentford,2023,2023-12-09,Sheffield United,True,0.89,0.64
20231209_E0_Wolves_NottmForest,2023,2023-12-09,Nott'm Forest,False,0.8,1.17
20231209_E0_Wolves_NottmForest,2023,2023-12-09,Wolves,True,1.17,0.8
20231210_E0_Everton_Chelsea,2023,2023-12-10,Chelsea,False,0.93,1.17
20231210_E0_Everton_Chelsea,2023,2023-12-10,Everton,True,1.17,0.93
20231210_E0_Fulham_WestHam,2023,2023-12-10,Fulham,True,2.34,1.4
20231210_E0_Fulham_WestHam,2023,2023-12-10,West Ham,False,1.4,2.34
20231210_E0_Luton_ManCity,2023,2023-12-10,Luton,True,0.33,1.6
20231210_E0_Luton_ManCity,2023,2023-12-10,Man City,False,1.6,0.33
20231210_E0_Tottenham_Newcastle,2023,2023-12-10,Newcastle,False,1.69,3.88
20231210_E0_Tottenham_Newcastle,2023,2023-12-10,Tottenham,True,3.88,1.69
20231215_E0_NottmForest_Tottenham,2023,2023-12-15,Nott'm Forest,True,1.49,1.53
20231215_E0_NottmForest_Tottenham,2023,2023-12-15,Tottenham,False,1.53,1.49
20231216_E0_Burnley_Everton,2023,2023-12-16,Burnley,True,0.77,1.35
20231216_E0_Burnley_Everton,2023,2023-12-16,Everton,False,1.35,0.77
20231216_E0_Chelsea_SheffieldUnited,2023,2023-12-16,Chelsea,True,2.76,0.37
20231216_E0_Chelsea_SheffieldUnited,2023,2023-12-16,Sheffield United,False,0.37,2.76
20231216_E0_ManCity_CrystalPalace,2023,2023-12-16,Crystal Palace,False,1.82,1.61
20231216_E0_ManCity_CrystalPalace,2023,2023-12-16,Man City,True,1.61,1.82
20231216_E0_Newcastle_Fulham,2023,2023-12-16,Fulham,False,0.3,3.96
20231216_E0_Newcastle_Fulham,2023,2023-12-16,Newcastle,True,3.96,0.3
20231217_E0_Arsenal_Brighton,2023,2023-12-17,Arsenal,True,2.25,0.7
20231217_E0_Arsenal_Brighton,2023,2023-12-17,Brighton,False,0.7,2.25
20231217_E0_Brentford_AstonVilla,2023,2023-12-17,Aston Villa,False,1.43,0.5
20231217_E0_Brentford_AstonVilla,2023,2023-12-17,Brentford,True,0.5,1.43
20231217_E0_Liverpool_ManUnited,2023,2023-12-17,Liverpool,True,2.34,0.63
20231217_E0_Liverpool_ManUnited,2023,2023-12-17,Man United,False,0.63,2.34
20231217_E0_WestHam_Wolves,2023,2023-12-17,West Ham,True,1.14,0.66
20231217_E0_WestHam_Wolves,2023,2023-12-17,Wolves,False,0.66,1.14
20231221_E0_CrystalPalace_Brighton,2023,2023-12-21,Brighton,False,1.15,1.36
20231221_E0_CrystalPalace_Brighton,2023,2023-12-21,Crystal Palace,True,1.36,1.15
20231222_E0_AstonVilla_SheffieldUnited,2023,2023-12-22,Aston Villa,True,0.89,0.56
20231222_E0_AstonVilla_SheffieldUnited,2023,2023-12-22,Sheffield United,False,0.56,0.89
20231223_E0_Fulham_Burnley,2023,2023-12-23,Burnley,False,0.41,1.36
20231223_E0_Fulham_Burnley,2023,2023-12-23,Fulham,True,1.36,0.41
20231223_E0_Liverpool_Arsenal,2023,2023-12-23,Arsenal,False,0.8,0.95
20231223_E0_Liverpool_Arsenal,2023,2023-12-23,Liverpool,True,0.95,0.8
20231223_E0_Luton_Newcastle,2023,2023-12-23,Luton,True,1.89,1.69
20231223_E0_Luton_Newcastle,2023,2023-12-23,Newcastle,False,1.69,1.89
20231223_E0_NottmForest_Bournemouth,2023,2023-12-23,Bournemouth,False,1.6,0.75
20231223_E0_NottmForest_Bournemouth,2023,2023-12-23,Nott'm Forest,True,0.75,1.6
20231223_E0_Tottenham_Everton,2023,2023-12-23,Everton,False,1.96,1.34
20231223_E0_Tottenham_Everton,2023,2023-12-23,Tottenham,True,1.34,1.96
20231223_E0_WestHam_ManUnited,2023,2023-12-23,Man United,False,0.91,1.34
20231223_E0_WestHam_ManUnited,2023,2023-12-23,West Ham,True,1.34,0.91
20231224_E0_Wolves_Chelsea,2023,2023-12-24,Chelsea,False,2.06,1.33
20231224_E0_Wolves_Chelsea,2023,2023-12-24,Wolves,True,1.33,2.06
20231226_E0_Bournemouth_Fulham,2023,2023-12-26,Bournemouth,True,1.83,0.28
20231226_E0_Bournemouth_Fulham,2023,2023-12-26,Fulham,False,0.28,1.83
20231226_E0_Burnley_Liverpool,2023,2023-12-26,Burnley,True,0.75,1.68
20231226_E0_Burnley_Liverpool,2023,2023-12-26,Liverpool,False,1.68,0.75
20231226_E0_ManUnited_AstonVilla,2023,2023-12-26,Aston Villa,False,1.67,1.04
20231226_E0_ManUnited_AstonVilla,2023,2023-12-26,Man United,True,1.04,1.67
20231226_E0_Newcastle_NottmForest,2023,2023-12-26,Newcastle,True,2.55,3.45
20231226_E0_Newcastle_NottmForest,2023,2023-12-26,Nott'm Forest,False,3.45,2.55
20231226_E0_SheffieldUnited_Luton,2023,2023-12-26,Luton,False,0.64,2.81
20231226_E0_SheffieldUnited_Luton,2023,2023-12-26,Sheffield United,True,2.81,0.64
20231227_E0_Brentford_Wolves,2023,2023-12-27,Brentford,True,2.18,2.11
20231227_E0_Brentford_Wolves,2023,2023-12-27,Wolves,False,2.11,2.18
20231227_E0_Chelsea_CrystalPalace,2023,2023-12-27,Chelsea,True,2.74,1.08
20231227_E0_Chelsea_CrystalPalace,2023,2023-12-27,Crystal Palace,False,1.08,2.74
20231227_E0_Everton_ManCity,2023,2023-12-27,Everton,True,1.01,2.66
20231227_E0_Everton_ManCity,2023,2023-12-27,Man City,False,2.66,1.01
20231228_E0_Arsenal_WestHam,2023,2023-12-28,Arsenal,True,2.81,1.47
20231228_E0_Arsenal_WestHam,2023,2023-12-28,West Ham,False,1.47,2.81
20231228_E0_Brighton_Tottenham,2023,2023-12-28,Brighton,True,3.76,2.49
20231228_E0_Brighton_Tottenham,2023,2023-12-28,Tottenham,False,2.49,3.76
20231230_E0_AstonVilla_Burnley,2023,2023-12-30,Aston Villa,True,3.16,0.99
20231230_E0_AstonVilla_Burnley,2023,2023-12-30,Burnley,False,0.99,3.16
20231230_E0_CrystalPalace_Brentford,2023,2023-12-30,Brentford,False,1.4,1.09
20231230_E0_CrystalPalace_Brentford,2023,2023-12-30,Crystal Palace,True,1.09,1.4
20231230_E0_Luton_Chelsea,2023,2023-12-30,Chelsea,False,1.49,2.58
20231230_E0_Luton_Chelsea,2023,2023-12-30,Luton,True,2.58,1.49
20231230_E0_ManCity_SheffieldUnited,2023,2023-12-30,Man City,True,2.26,0.32
20231230_E0_ManCity_SheffieldUnited,2023,2023-12-30,Sheffield United,False,0.32,2.26
20231230_E0_NottmForest_ManUnited,2023,2023-12-30,Man United,False,0.77,0.75
20231230_E0_NottmForest_ManUnited,2023,2023-12-30,Nott'm Forest,True,0.75,0.77
20231230_E0_Wolves_Everton,2023,2023-12-30,Everton,False,0.46,2.06
20231230_E0_Wolves_Everton,2023,2023-12-30,Wolves,True,2.06,0.46
20231231_E0_Fulham_Arsenal,2023,2023-12-31,Arsenal,False,1.69,1.36
20231231_E0_Fulham_Arsenal,2023,2023-12-31,Fulham,True,1.36,1.69
20231231_E0_Tottenham_Bournemouth,2023,2023-12-31,Bournemouth,False,1.6,2.31
20231231_E0_Tottenham_Bournemouth,2023,2023-12-31,Tottenham,True,2.31,1.6
20240101_E0_Liverpool_Newcastle,2023,2024-01-01,Liverpool,True,7.72,0.59
20240101_E0_Liverpool_Newcastle,2023,2024-01-01,Newcastle,False,0.59,7.72
20240102_E0_WestHam_Brighton,2023,2024-01-02,Brighton,False,2.49,0.69
20240102_E0_WestHam_Brighton,2023,2024-01-02,West Ham,True,0.69,2.49
20240112_E0_Burnley_Luton,2023,2024-01-12,Burnley,True,0.99,0.86
20240112_E0_Burnley_Luton,2023,2024-01-12,Luton,False,0.86,0.99
20240113_E0_Chelsea_Fulham,2023,2024-01-13,Chelsea,True,2.19,0.85
20240113_E0_Chelsea_Fulham,2023,2024-01-13,Fulham,False,0.85,2.19
20240113_E0_Newcastle_ManCity,2023,2024-01-13,Man City,False,2.84,1.23
20240113_E0_Newcastle_ManCity,2023,2024-01-13,Newcastle,True,1.23,2.84
20240114_E0_Everton_AstonVilla,2023,2024-01-14,Aston Villa,False,1.11,1.13
20240114_E0_Everton_AstonVilla,2023,2024-01-14,Everton,True,1.13,1.11
20240114_E0_ManUnited_Tottenham,2023,2024-01-14,Man United,True,0.84,1.37
20240114_E0_ManUnited_Tottenham,2023,2024-01-14,Tottenham,False,1.37,0.84
20240120_E0_Arsenal_CrystalPalace,2023,2024-01-20,Arsenal,True,3.32,0.34
20240120_E0_Arsenal_CrystalPalace,2023,2024-01-20,Crystal Palace,False,0.34,3.32
20240120_E0_Brentford_NottmForest,2023,2024-01-20,Brentford,True,1.28,1.09
20240120_E0_Brentford_NottmForest,2023,2024-01-20,Nott'm Forest,False,1.09,1.28
20240121_E0_Bournemouth_Liverpool,2023,2024-01-21,Bournemouth,True,1.39,1.62
20240121_E0_Bournemouth_Liverpool,2023,2024-01-21,Liverpool,False,1.62,1.39
20240121_E0_SheffieldUnited_WestHam,2023,2024-01-21,Sheffield United,True,2.34,2.28
20240121_E0_SheffieldUnited_WestHam,2023,2024-01-21,West Ham,False,2.28,2.34
20240122_E0_Brighton_Wolves,2023,2024-01-22,Brighton,True,1.25,1.39
20240122_E0_Brighton_Wolves,2023,2024-01-22,Wolves,False,1.39,1.25
20240130_E0_AstonVilla_Newcastle,2023,2024-01-30,Aston Villa,True,1.44,2.56
20240130_E0_AstonVilla_Newcastle,2023,2024-01-30,Newcastle,False,2.56,1.44
20240130_E0_CrystalPalace_SheffieldUnited,2023,2024-01-30,Crystal Palace,True,1.13,0.79
20240130_E0_CrystalPalace_SheffieldUnited,2023,2024-01-30,Sheffield United,False,0.79,1.13
20240130_E0_Fulham_Everton,2023,2024-01-30,Everton,False,2.15,1.71
20240130_E0_Fulham_Everton,2023,2024-01-30,Fulham,True,1.71,2.15
20240130_E0_Luton_Brighton,2023,2024-01-30,Brighton,False,0.9,2.89
20240130_E0_Luton_Brighton,2023,2024-01-30,Luton,True,2.89,0.9
20240130_E0_NottmForest_Arsenal,2023,2024-01-30,Arsenal,False,1.23,0.4
20240130_E0_NottmForest_Arsenal,2023,2024-01-30,Nott'm Forest,True,0.4,1.23
20240131_E0_Liverpool_Chelsea,2023,2024-01-31,Chelsea,False,0.56,2.94
20240131_E0_Liverpool_Chelsea,2023,2024-01-31,Liverpool,True,2.94,0.56
20240131_E0_ManCity_Burnley,2023,2024-01-31,Burnley,False,1.44,1.75
20240131_E0_ManCity_Burnley,2023,2024-01-31,Man City,True,1.75,1.44
20240131_E0_Tottenham_Brentford,2023,2024-01-31,Brentford,False,1.74,2.87
20240131_E0_Tottenham_Brentford,2023,2024-01-31,Tottenham,True,2.87,1.74
20240201_E0_WestHam_Bournemouth,2023,2024-02-01,Bournemouth,False,1.16,1.32
20240201_E0_WestHam_Bournemouth,2023,2024-02-01,West Ham,True,1.32,1.16
20240201_E0_Wolves_ManUnited,2023,2024-02-01,Man United,False,2.74,2.11
20240201_E0_Wolves_ManUnited,2023,2024-02-01,Wolves,True,2.11,2.74
20240203_E0_Brighton_CrystalPalace,2023,2024-02-03,Brighton,True,1.55,0.32
20240203_E0_Brighton_CrystalPalace,2023,2024-02-03,Crystal Palace,False,0.32,1.55
20240203_E0_Burnley_Fulham,2023,2024-02-03,Burnley,True,1.68,1.28
20240203_E0_Burnley_Fulham,2023,2024-02-03,Fulham,False,1.28,1.68
20240203_E0_Everton_Tottenham,2023,2024-02-03,Everton,True,3.2,0.98
20240203_E0_Everton_Tottenham,2023,2024-02-03,Tottenham,False,0.98,3.2
20240203_E0_Newcastle_Luton,2023,2024-02-03,Luton,False,2.29,2.33
20240203_E0_Newcastle_Luton,2023,2024-02-03,Newcastle,True,2.33,2.29
20240203_E0_SheffieldUnited_AstonVilla,2023,2024-02-03,Aston Villa,False,2.72,1.49
20240203_E0_SheffieldUnited_AstonVilla,2023,2024-02-03,Sheffield United,True,1.49,2.72
20240204_E0_Arsenal_Liverpool,2023,2024-02-04,Arsenal,True,3.76,0.41
20240204_E0_Arsenal_Liverpool,2023,2024-02-04,Liverpool,False,0.41,3.76
20240204_E0_Bournemouth_NottmForest,2023,2024-02-04,Bournemouth,True,1.1,0.57
20240204_E0_Bournemouth_NottmForest,2023,2024-02-04,Nott'm Forest,False,0.57,1.1
20240204_E0_Chelsea_Wolves,2023,2024-02-04,Chelsea,True,1.87,1.94
20240204_E0_Chelsea_Wolves,2023,2024-02-04,Wolves,False,1.94,1.87
20240204_E0_ManUnited_WestHam,2023,2024-02-04,Man United,True,0.8,1.68
20240204_E0_ManUnited_WestHam,2023,2024-02-04,West Ham,False,1.68,0.8
20240205_E0_Brentford_ManCity,2023,2024-02-05,Brentford,True,1.02,2.16
20240205_E0_Brentford_ManCity,2023,2024-02-05,Man City,False,2.16,1.02
20240210_E0_Fulham_Bournemouth,2023,2024-02-10,Bournemouth,False,1.84,1.54
20240210_E0_Fulham_Bournemouth,2023,2024-02-10,Fulham,True,1.54,1.84
20240210_E0_Liverpool_Burnley,2023,2024-02-10,Burnley,False,1.41,2.85
20240210_E0_Liverpool_Burnley,2023,2024-02-10,Liverpool,True,2.85,1.41
20240210_E0_Luton_SheffieldUnited,2023,2024-02-10,Luton,True,1.9,1.8
20240210_E0_Luton_SheffieldUnited,2023,2024-02-10,Sheffield United,False,1.8,1.9
20240210_E0_ManCity_Everton,2023,2024-02-10,Everton,False,0.32,1.63
20240210_E0_ManCity_Everton,2023,2024-02-10,Man City,True,1.63,0.32
20240210_E0_NottmForest_Newcastle,2023,2024-02-10,Newcastle,False,0.5,1.5
20240210_E0_NottmForest_Newcastle,2023,2024-02-10,Nott'm Forest,True,1.5,0.5
20240210_E0_Tottenham_Brighton,2023,2024-02-10,Brighton,False,1.2,1.6
20240210_E0_Tottenham_Brighton,2023,2024-02-10,Tottenham,True,1.6,1.2
20240210_E0_Wolves_Brentford,2023,2024-02-10,Brentford,False,1.94,1.16
20240210_E0_Wolves_Brentford,2023,2024-02-10,Wolves,True,1.16,1.94
20240211_E0_AstonVilla_ManUnited,2023,2024-02-11,Aston Villa,True,2.67,1.8
20240211_E0_AstonVilla_ManUnited,2023,2024-02-11,Man United,False,1.8,2.67
20240211_E0_WestHam_Arsenal,2023,2024-02-11,Arsenal,False,3.66,0.21
20240211_E0_WestHam_Arsenal,2023,2024-02-11,West Ham,True,0.21,3.66
20240212_E0_CrystalPalace_Chelsea,2023,2024-02-12,Chelsea,False,1.19,0.54
20240212_E0_CrystalPalace_Chelsea,2023,2024-02-12,Crystal Palace,True,0.54,1.19
20240217_E0_Brentford_Liverpool,2023,2024-02-17,Brentford,True,1.85,2.86
20240217_E0_Brentford_Liverpool,2023,2024-02-17,Liverpool,False,2.86,1.85
20240217_E0_Burnley_Arsenal,2023,2024-02-17,Arsenal,False,2.41,0.29
20240217_E0_Burnley_Arsenal,2023,2024-02-17,Burnley,True,0.29,2.41
20240217_E0_Fulham_AstonVilla,2023,2024-02-17,Aston Villa,False,1.65,1.36
20240217_E0_Fulham_AstonVilla,2023,2024-02-17,Fulham,True,1.36,1.65
20240217_E0_ManCity_Chelsea,2023,2024-02-17,Chelsea,False,1.62,2.9
20240217_E0_ManCity_Chelsea,2023,2024-02-17,Man City,True,2.9,1.62
20240217_E0_Newcastle_Bournemouth,2023,2024-02-17,Bournemouth,False,2.59,2.26
20240217_E0_Newcastle_Bournemouth,2023,2024-02-17,Newcastle,True,2.26,2.59
20240217_E0_NottmForest_WestHam,2023,2024-02-17,Nott'm Forest,True,2.79,0.56
20240217_E0_NottmForest_WestHam,2023,2024-02-17,West Ham,False,0.56,2.79
20240217_E0_Tottenham_Wolves,2023,2024-02-17,Tottenham,True,1.7,1.51
20240217_E0_Tottenham_Wolves,2023,2024-02-17,Wolves,False,1.51,1.7
20240218_E0_Luton_ManUnited,2023,2024-02-18,Luton,True,1.75,2.81
20240218_E0_Luton_ManUnited,2023,2024-02-18,Man United,False,2.81,1.75
20240218_E0_SheffieldUnited_Brighton,2023,2024-02-18,Brighton,False,3.04,0.59
20240218_E0_SheffieldUnited_Brighton,2023,2024-02-18,Sheffield United,True,0.59,3.04
20240219_E0_Everton_CrystalPalace,2023,2024-02-19,Crystal Palace,False,0.62,1.7
20240219_E0_Everton_CrystalPalace,2023,2024-02-19,Everton,True,1.7,0.62
20240220_E0_ManCity_Brentford,2023,2024-02-20,Brentford,False,0.34,2.46
20240220_E0_ManCity_Brentford,2023,2024-02-20,Man City,True,2.46,0.34
20240221_E0_Liverpool_Luton,2023,2024-02-21,Liverpool,True,3.32,1.04
20240221_E0_Liverpool_Luton,2023,2024-02-21,Luton,False,1.04,3.32
20240224_E0_Arsenal_Newcastle,2023,2024-02-24,Arsenal,True,2.39,0.15
20240224_E0_Arsenal_Newcastle,2023,2024-02-24,Newcastle,False,0.15,2.39
20240224_E0_AstonVilla_NottmForest,2023,2024-02-24,Aston Villa,True,3.56,2.6
20240224_E0_AstonVilla_NottmForest,2023,2024-02-24,Nott'm Forest,False,2.6,3.56
20240224_E0_Bournemouth_ManCity,2023,2024-02-24,Bournemouth,True,0.94,1.76
20240224_E0_Bournemouth_ManCity,2023,2024-02-24,Man City,False,1.76,0.94
20240224_E0_Brighton_Everton,2023,2024-02-24,Brighton,True,1.24,0.27
20240224_E0_Brighton_Everton,2023,2024-02-24,Everton,False,0.27,1.24
20240224_E0_CrystalPalace_Burnley,2023,2024-02-24,Burnley,False,0.1,2.4
20240224_E0_CrystalPalace_Burnley,2023,2024-02-24,Crystal Palace,True,2.4,0.1
20240224_E0_ManUnited_Fulham,2023,2024-02-24,Fulham,False,1.1,1.7
20240224_E0_ManUnited_Fulham,2023,2024-02-24,Man United,True,1.7,1.1
20240225_E0_Wolves_SheffieldUnited,2023,2024-02-25,Sheffield United,False,0.6,1.23
20240225_E0_Wolves_SheffieldUnited,2023,2024-02-25,Wolves,True,1.23,0.6
20240226_E0_WestHam_Brentford,2023,2024-02-26,Brentford,False,1.15,1.51
20240226_E0_WestHam_Brentford,2023,2024-02-26,West Ham,True,1.51,1.15
20240302_E0_Brentford_Chelsea,2023,2024-03-02,Brentford,True,1.84,1.81
20240302_E0_Brentford_Chelsea,2023,2024-03-02,Chelsea,False,1.81,1.84
20240302_E0_Everton_WestHam,2023,2024-03-02,Everton,True,2.73,1.88
20240302_E0_Everton_WestHam,2023,2024-03-02,West Ham,False,1.88,2.73
20240302_E0_Fulham_Brighton,2023,2024-03-02,Brighton,False,1.17,1.24
20240302_E0_Fulham_Brighton,2023,2024-03-02,Fulham,True,1.24,1.17
20240302_E0_Luton_AstonVilla,2023,2024-03-02,Aston Villa,False,1.83,2.45
20240302_E0_Luton_AstonVilla,2023,2024-03-02,Luton,True,2.45,1.83
20240302_E0_Newcastle_Wolves,2023,2024-03-02,Newcastle,True,2.22,0.81
20240302_E0_Newcastle_Wolves,2023,2024-03-02,Wolves,False,0.81,2.22
20240302_E0_NottmForest_Liverpool,2023,2024-03-02,Liverpool,False,2.07,1.05
20240302_E0_NottmForest_Liverpool,2023,2024-03-02,Nott'm Forest,True,1.05,2.07
20240302_E0_Tottenham_CrystalPalace,2023,2024-03-02,Crystal Palace,False,0.29,1.86
20240302_E0_Tottenham_CrystalPalace,2023,2024-03-02,Tottenham,True,1.86,0.29
20240303_E0_Burnley_Bournemouth,2023,2024-03-03,Bournemouth,False,1.1,1.55
20240303_E0_Burnley_Bournemouth,2023,2024-03-03,Burnley,True,1.55,1.1
20240303_E0_ManCity_ManUnited,2023,2024-03-03,Man City,True,3.32,0.26
20240303_E0_ManCity_ManUnited,2023,2024-03-03,Man United,False,0.26,3.32
20240304_E0_SheffieldUnited_Arsenal,2023,2024-03-04,Arsenal,False,2.26,0.23
20240304_E0_SheffieldUnited_Arsenal,2023,2024-03-04,Sheffield United,True,0.23,2.26
20240309_E0_Arsenal_Brentford,2023,2024-03-09,Arsenal,True,1.31,0.96
20240309_E0_Arsenal_Brentford,2023,2024-03-09,Brentford,False,0.96,1.31
20240309_E0_Bournemouth_SheffieldUnited,2023,2024-03-09,Bournemouth,True,3.34,1.27
20240309_E0_Bournemouth_SheffieldUnited,2023,2024-03-09,Sheffield United,False,1.27,3.34
20240309_E0_CrystalPalace_Luton,2023,2024-03-09,Crystal Palace,True,2.64,0.81
20240309_E0_CrystalPalace_Luton,2023,2024-03-09,Luton,False,0.81,2.64
20240309_E0_ManUnited_Everton,2023,2024-03-09,Everton,False,1.55,2.57
20240309_E0_ManUnited_Everton,2023,2024-03-09,Man United,True,2.57,1.55
20240309_E0_Wolves_Fulham,2023,2024-03-09,Fulham,False,2.76,0.82
20240309_E0_Wolves_Fulham,2023,2024-03-09,Wolves,True,0.82,2.76
20240310_E0_AstonVilla_Tottenham,2023,2024-03-10,Aston Villa,True,0.96,1.63
20240310_E0_AstonVilla_Tottenham,2023,2024-03-10,Tottenham,False,1.63,0.96
20240310_E0_Brighton_NottmForest,2023,2024-03-10,Brighton,True,0.46,0.69
20240310_E0_Brighton_NottmForest,2023,2024-03-10,Nott'm Forest,False,0.69,0.46
20240310_E0_Liverpool_ManCity,2023,2024-03-10,Liverpool,True,2.46,1.61
20240310_E0_Liverpool_ManCity,2023,2024-03-10,Man City,False,1.61,2.46
20240310_E0_WestHam_Burnley,2023,2024-03-10,Burnley,False,0.64,1.81
20240310_E0_WestHam_Burnley,2023,2024-03-10,West Ham,True,1.81,0.64
20240311_E0_Chelsea_Newcastle,2023,2024-03-11,Chelsea,True,1.67,0.78
20240311_E0_Chelsea_Newcastle,2023,2024-03-11,Newcastle,False,0.78,1.67
20240313_E0_Bournemouth_Luton,2023,2024-03-13,Bournemouth,True,2.68,2.11
20240313_E0_Bournemouth_Luton,2023,2024-03-13,Luton,False,2.11,2.68
20240316_E0_Burnley_Brentford,2023,2024-03-16,Brentford,False,1.07,2.65
20240316_E0_Burnley_Brentford,2023,2024-03-16,Burnley,True,2.65,1.07
20240316_E0_Fulham_Tottenham,2023,2024-03-16,Fulham,True,2.9,2.38
20240316_E0_Fulham_Tottenham,2023,2024-03-16,Tottenham,False,2.38,2.9
20240316_E0_Luton_NottmForest,2023,2024-03-16,Luton,True,0.59,1.71
20240316_E0_Luton_NottmForest,2023,2024-03-16,Nott'm Forest,False,1.71,0.59
20240317_E0_WestHam_AstonVilla,2023,2024-03-17,Aston Villa,False,0.64,2.04
20240317_E0_WestHam_AstonVilla,2023,2024-03-17,West Ham,True,2.04,0.64
20240330_E0_AstonVilla_Wolves,2023,2024-03-30,Aston Villa,True,0.99,1.48
20240330_E0_AstonVilla_Wolves,2023,2024-03-30,Wolves,False,1.48,0.99
20240330_E0_Bournemouth_Everton,2023,2024-03-30,Bournemouth,True,1.56,1.12
20240330_E0_Bournemouth_Everton,2023,2024-03-30,Everton,False,1.12,1.56
20240330_E0_Brentford_ManUnited,2023,2024-03-30,Brentford,True,2.62,0.51
20240330_E0_Brentford_ManUnited,2023,2024-03-30,Man United,False,0.51,2.62
20240330_E0_Chelsea_Burnley,2023,2024-03-30,Burnley,False,1.58,4.12
20240330_E0_Chelsea_Burnley,2023,2024-03-30,Chelsea,True,4.12,1.58
20240330_E0_Newcastle_WestHam,2023,2024-03-30,Newcastle,True,4.08,1.41
20240330_E0_Newcastle_WestHam,2023,2024-03-30,West Ham,False,1.41,4.08
20240330_E0_NottmForest_CrystalPalace,2023,2024-03-30,Crystal Palace,False,1.2,0.92
20240330_E0_NottmForest_CrystalPalace,2023,2024-03-30,Nott'm Forest,True,0.92,1.2
20240330_E0_SheffieldUnited_Fulham,2023,2024-03-30,Fulham,False,1.35,1.87
20240330_E0_SheffieldUnited_Fulham,2023,2024-03-30,Sheffield United,True,1.87,1.35
20240330_E0_Tottenham_Luton,2023,2024-03-30,Luton,False,0.39,3.12
20240330_E0_Tottenham_Luton,2023,2024-03-30,Tottenham,True,3.12,0.39
20240331_E0_Liverpool_Brighton,2023,2024-03-31,Brighton,False,0.44,2.8
20240331_E0_Liverpool_Brighton,2023,2024-03-31,Liverpool,True,2.8,0.44
20240331_E0_ManCity_Arsenal,2023,2024-03-31,Arsenal,False,0.68,0.96
20240331_E0_ManCity_Arsenal,2023,2024-03-31,Man City,True,0.96,0.68
20240402_E0_Bournemouth_CrystalPalace,2023,2024-04-02,Bournemouth,True,1.23,0.12
20240402_E0_Bournemouth_CrystalPalace,2023,2024-04-02,Crystal Palace,False,0.12,1.23
20240402_E0_Burnley_Wolves,2023,2024-04-02,Burnley,True,0.99,0.83
20240402_E0_Burnley_Wolves,2023,2024-04-02,Wolves,False,0.83,0.99
20240402_E0_Newcastle_Everton,2023,2024-04-02,Everton,False,1.41,2.59
20240402_E0_Newcastle_Everton,2023,2024-04-02,Newcastle,True,2.59,1.41
20240402_E0_NottmForest_Fulham,2023,2024-04-02,Fulham,False,1.49,1.51
20240402_E0_NottmForest_Fulham,2023,2024-04-02,Nott'm Forest,True,1.51,1.49
20240402_E0_WestHam_Tottenham,2023,2024-04-02,Tottenham,False,0.95,1.16
20240402_E0_WestHam_Tottenham,2023,2024-04-02,West Ham,True,1.16,0.95
20240403_E0_Arsenal_Luton,2023,2024-04-03,Arsenal,True,0.88,0.27
20240403_E0_Arsenal_Luton,2023,2024-04-03,Luton,False,0.27,0.88
20240403_E0_Brentford_Brighton,2023,2024-04-03,Brentford,True,0.51,1.11
20240403_E0_Brentford_Brighton,2023,2024-04-03,Brighton,False,1.11,0.51
20240403_E0_ManCity_AstonVilla,2023,2024-04-03,Aston Villa,False,0.73,3.28
20240403_E0_ManCity_AstonVilla,2023,2024-04-03,Man City,True,3.28,0.73
20240404_E0_Chelsea_ManUnited,2023,2024-04-04,Chelsea,True,3.04,1.58
20240404_E0_Chelsea_ManUnited,2023,2024-04-04,Man United,False,1.58,3.04
20240404_E0_Liverpool_SheffieldUnited,2023,2024-04-04,Liverpool,True,1.64,0.59
20240404_E0_Liverpool_SheffieldUnited,2023,2024-04-04,Sheffield United,False,0.59,1.64
20240406_E0_AstonVilla_Brentford,2023,2024-04-06,Aston Villa,True,1.51,1.56
20240406_E0_AstonVilla_Brentford,2023,2024-04-06,Brentford,False,1.56,1.51
20240406_E0_Brighton_Arsenal,2023,2024-04-06,Arsenal,False,3.23,0.54
20240406_E0_Brighton_Arsenal,2023,2024-04-06,Brighton,True,0.54,3.23
20240406_E0_CrystalPalace_ManCity,2023,2024-04-06,Crystal Palace,True,1.07,1.91
20240406_E0_CrystalPalace_ManCity,2023,2024-04-06,Man City,False,1.91,1.07
20240406_E0_Everton_Burnley,2023,2024-04-06,Burnley,False,0.46,0.83
20240406_E0_Everton_Burnley,2023,2024-04-06,Everton,True,0.83,0.46
20240406_E0_Fulham_Newcastle,2023,2024-04-06,Fulham,True,1.28,0.85
20240406_E0_Fulham_Newcastle,2023,2024-04-06,Newcastle,False,0.85,1.28
20240406_E0_Luton_Bournemouth,2023,2024-04-06,Bournemouth,False,0.34,1.4
20240406_E0_Luton_Bournemouth,2023,2024-04-06,Luton,True,1.4,0.34
20240406_E0_Wolves_WestHam,2023,2024-04-06,West Ham,False,1.14,1.49
20240406_E0_Wolves_WestHam,2023,2024-04-06,Wolves,True,1.49,1.14
20240407_E0_ManUnited_Liverpool,2023,2024-04-07,Liverpool,False,3.6,0.71
20240407_E0_ManUnited_Liverpool,2023,2024-04-07,Man United,True,0.71,3.6
20240407_E0_SheffieldUnited_Chelsea,2023,2024-04-07,Chelsea,False,0.36,1.36
20240407_E0_SheffieldUnited_Chelsea,2023,2024-04-07,Sheffield United,True,1.36,0.36
20240407_E0_Tottenham_NottmForest,2023,2024-04-07,Nott'm Forest,False,1.66,1.49
20240407_E0_Tottenham_NottmForest,2023,2024-04-07,Tottenham,True,1.49,1.66
20240413_E0_Bournemouth_ManUnited,2023,2024-04-13,Bournemouth,True,1.75,1.18
20240413_E0_Bournemouth_ManUnited,2023,2024-04-13,Man United,False,1.18,1.75
20240413_E0_Brentford_SheffieldUnited,2023,2024-04-13,Brentford,True,1.02,0.83
20240413_E0_Brentford_SheffieldUnited,2023,2024-04-13,Sheffield United,False,0.83,1.02
20240413_E0_Burnley_Brighton,2023,2024-04-13,Brighton,False,0.91,1.71
20240413_E0_Burnley_Brighton,2023,2024-04-13,Burnley,True,1.71,0.91
20240413_E0_ManCity_Luton,2023,2024-04-13,Luton,False,0.5,4.46
20240413_E0_ManCity_Luton,2023,2024-04-13,Man City,True,4.46,0.5
20240413_E0_Newcastle_Tottenham,2023,2024-04-13,Newcastle,True,2.86,0.74
20240413_E0_Newcastle_Tottenham,2023,2024-04-13,Tottenham,False,0.74,2.86
20240413_E0_NottmForest_Wolves,2023,2024-04-13,Nott'm Forest,True,1.9,1.19
20240413_E0_NottmForest_Wolves,2023,2024-04-13,Wolves,False,1.19,1.9
20240414_E0_Arsenal_AstonVilla,2023,2024-04-14,Arsenal,True,1.77,1.1
20240414_E0_Arsenal_AstonVilla,2023,2024-04-14,Aston Villa,False,1.1,1.77
20240414_E0_Liverpool_CrystalPalace,2023,2024-04-14,Crystal Palace,False,1.88,2.89
20240414_E0_Liverpool_CrystalPalace,2023,2024-04-14,Liverpool,True,2.89,1.88
20240414_E0_WestHam_Fulham,2023,2024-04-14,Fulham,False,3.28,0.94
20240414_E0_WestHam_Fulham,2023,2024-04-14,West Ham,True,0.94,3.28
20240415_E0_Chelsea_Everton,2023,2024-04-15,Chelsea,True,3.27,1.41
20240415_E0_Chelsea_Everton,2023,2024-04-15,Everton,False,1.41,3.27
20240420_E0_Luton_Brentford,2023,2024-04-20,Brentford,False,3.13,0.6
20240420_E0_Luton_Brentford,2023,2024-04-20,Luton,True,0.6,3.13
20240420_E0_SheffieldUnited_Burnley,2023,2024-04-20,Burnley,False,2.18,2.45
20240420_E0_SheffieldUnited_Burnley,2023,2024-04-20,Sheffield United,True,2.45,2.18
20240420_E0_Wolves_Arsenal,2023,2024-04-20,Arsenal,False,1.22,0.14
20240420_E0_Wolves_Arsenal,2023,2024-04-20,Wolves,True,0.14,1.22
20240421_E0_AstonVilla_Bournemouth,2023,2024-04-21,Aston Villa,True,2.35,1.7
20240421_E0_AstonVilla_Bournemouth,2023,2024-04-21,Bournemouth,False,1.7,2.35
20240421_E0_CrystalPalace_WestHam,2023,2024-04-21,Crystal Palace,True,2.53,1.26
20240421_E0_CrystalPalace_WestHam,2023,2024-04-21,West Ham,False,1.26,2.53
20240421_E0_Everton_NottmForest,2023,2024-04-21,Everton,True,0.44,0.86
20240421_E0_Everton_NottmForest,2023,2024-04-21,Nott'm Forest,False,0.86,0.44
20240421_E0_Fulham_Liverpool,2023,2024-04-21,Fulham,True,0.8,1.01
20240421_E0_Fulham_Liverpool,2023,2024-04-21,Liverpool,False,1.01,0.8
20240423_E0_Arsenal_Chelsea,2023,2024-04-23,Arsenal,True,3.35,1.61
20240423_E0_Arsenal_Chelsea,2023,2024-04-23,Chelsea,False,1.61,3.35
20240424_E0_CrystalPalace_Newcastle,2023,2024-04-24,Crystal Palace,True,0.89,0.42
20240424_E0_CrystalPalace_Newcastle,2023,2024-04-24,Newcastle,False,0.42,0.89
20240424_E0_Everton_Liverpool,2023,2024-04-24,Everton,True,1.1,2.05
20240424_E0_Everton_Liverpool,2023,2024-04-24,Liverpool,False,2.05,1.1
20240424_E0_ManUnited_SheffieldUnited,2023,2024-04-24,Man United,True,2.99,0.77
20240424_E0_ManUnited_SheffieldUnited,2023,2024-04-24,Sheffield United,False,0.77,2.99
20240424_E0_Wolves_Bournemouth,2023,2024-04-24,Bournemouth,False,1.88,0.55
20240424_E0_Wolves_Bournemouth,2023,2024-04-24,Wolves,True,0.55,1.88
20240425_E0_Brighton_ManCity,2023,2024-04-25,Brighton,True,0.5,1.3
20240425_E0_Brighton_ManCity,2023,2024-04-25,Man City,False,1.3,0.5
20240427_E0_AstonVilla_Chelsea,2023,2024-04-27,Aston Villa,True,0.87,1.37
20240427_E0_AstonVilla_Chelsea,2023,2024-04-27,Chelsea,False,1.37,0.87
20240427_E0_Everton_Brentford,2023,2024-04-27,Brentford,False,0.83,0.77
20240427_E0_Everton_Brentford,2023,2024-04-27,Everton,True,0.77,0.83
20240427_E0_Fulham_CrystalPalace,2023,2024-04-27,Crystal Palace,False,1.02,1.14
20240427_E0_Fulham_CrystalPalace,2023,2024-04-27,Fulham,True,1.14,1.02
20240427_E0_ManUnited_Burnley,2023,2024-04-27,Burnley,False,2.07,2.71
20240427_E0_ManUnited_Burnley,2023,2024-04-27,Man United,True,2.71,2.07
20240427_E0_Newcastle_SheffieldUnited,2023,2024-04-27,Newcastle,True,2.81,1.49
20240427_E0_Newcastle_SheffieldUnited,2023,2024-04-27,Sheffield United,False,1.49,2.81
20240427_E0_WestHam_Liverpool,2023,2024-04-27,Liverpool,False,1.76,0.7
20240427_E0_WestHam_Liverpool,2023,2024-04-27,West Ham,True,0.7,1.76
20240427_E0_Wolves_Luton,2023,2024-04-27,Luton,False,0.6,1.22
20240427_E0_Wolves_Luton,2023,2024-04-27,Wolves,True,1.22,0.6
20240428_E0_Bournemouth_Brighton,2023,2024-04-28,Bournemouth,True,2.27,1.01
20240428_E0_Bournemouth_Brighton,2023,2024-04-28,Brighton,False,1.01,2.27
20240428_E0_NottmForest_ManCity,2023,2024-04-28,Man City,False,0.85,1.62
20240428_E0_NottmForest_ManCity,2023,2024-04-28,Nott'm Forest,True,1.62,0.85
20240428_E0_Tottenham_Arsenal,2023,2024-04-28,Arsenal,False,1.07,2.4
20240428_E0_Tottenham_Arsenal,2023,2024-04-28,Tottenham,True,2.4,1.07
20240502_E0_Chelsea_Tottenham,2023,2024-05-02,Chelsea,True,2.29,1.54
20240502_E0_Chelsea_Tottenham,2023,2024-05-02,Tottenham,False,1.54,2.29
20240503_E0_Luton_Everton,2023,2024-05-03,Everton,False,1.43,0.95
20240503_E0_Luton_Everton,2023,2024-05-03,Luton,True,0.95,1.43
20240504_E0_Arsenal_Bournemouth,2023,2024-05-04,Arsenal,True,4.0,0.37
20240504_E0_Arsenal_Bournemouth,2023,2024-05-04,Bournemouth,False,0.37,4.0
20240504_E0_Brentford_Fulham,2023,2024-05-04,Brentford,True,0.64,1.19
20240504_E0_Brentford_Fulham,2023,2024-05-04,Fulham,False,1.19,0.64
20240504_E0_Burnley_Newcastle,2023,2024-05-04,Burnley,True,1.08,3.87
20240504_E0_Burnley_Newcastle,2023,2024-05-04,Newcastle,False,3.87,1.08
20240504_E0_ManCity_Wolves,2023,2024-05-04,Man City,True,3.58,0.35
20240504_E0_ManCity_Wolves,2023,2024-05-04,Wolves,False,0.35,3.58
20240504_E0_SheffieldUnited_NottmForest,2023,2024-05-04,Nott'm Forest,False,1.49,2.26
20240504_E0_SheffieldUnited_NottmForest,2023,2024-05-04,Sheffield United,True,2.26,1.49
20240505_E0_Brighton_AstonVilla,2023,2024-05-05,Aston Villa,False,0.06,2.68
20240505_E0_Brighton_AstonVilla,2023,2024-05-05,Brighton,True,2.68,0.06
20240505_E0_Chelsea_WestHam,2023,2024-05-05,Chelsea,True,4.13,1.05
20240505_E0_Chelsea_WestHam,2023,2024-05-05,West Ham,False,1.05,4.13
20240505_E0_Liverpool_Tottenham,2023,2024-05-05,Liverpool,True,3.49,1.14
20240505_E0_Liverpool_Tottenham,2023,2024-05-05,Tottenham,False,1.14,3.49
20240506_E0_CrystalPalace_ManUnited,2023,2024-05-06,Crystal Palace,True,1.47,0.36
20240506_E0_CrystalPalace_ManUnited,2023,2024-05-06,Man United,False,0.36,1.47
20240511_E0_Bournemouth_Brentford,2023,2024-05-11,Bournemouth,True,0.69,1.44
20240511_E0_Bournemouth_Brentford,2023,2024-05-11,Brentford,False,1.44,0.69
20240511_E0_Everton_SheffieldUnited,2023,2024-05-11,Everton,True,2.16,0.63
20240511_E0_Everton_SheffieldUnited,2023,2024-05-11,Sheffield United,False,0.63,2.16
20240511_E0_Fulham_ManCity,2023,2024-05-11,Fulham,True,0.12,3.26
20240511_E0_Fulham_ManCity,2023,2024-05-11,Man City,False,3.26,0.12
20240511_E0_Newcastle_Brighton,2023,2024-05-11,Brighton,False,1.31,2.27
20240511_E0_Newcastle_Brighton,2023,2024-05-11,Newcastle,True,2.27,1.31
20240511_E0_NottmForest_Chelsea,2023,2024-05-11,Chelsea,False,1.8,1.74
20240511_E0_NottmForest_Chelsea,2023,2024-05-11,Nott'm Forest,True,1.74,1.8
20240511_E0_Tottenham_Burnley,2023,2024-05-11,Burnley,False,0.75,2.5
20240511_E0_Tottenham_Burnley,2023,2024-05-11,Tottenham,True,2.5,0.75
20240511_E0_WestHam_Luton,2023,2024-05-11,Luton,False,0.43,3.28
20240511_E0_WestHam_Luton,2023,2024-05-11,West Ham,True,3.28,0.43
20240511_E0_Wolves_CrystalPalace,2023,2024-05-11,Crystal Palace,False,2.69,1.57
20240511_E0_Wolves_CrystalPalace,2023,2024-05-11,Wolves,True,1.57,2.69
20240512_E0_ManUnited_Arsenal,2023,2024-05-12,Arsenal,False,1.72,0.64
20240512_E0_ManUnited_Arsenal,2023,2024-05-12,Man United,True,0.64,1.72
20240513_E0_AstonVilla_Liverpool,2023,2024-05-13,Aston Villa,True,3.36,1.84
20240513_E0_AstonVilla_Liverpool,2023,2024-05-13,Liverpool,False,1.84,3.36
20240514_E0_Tottenham_ManCity,2023,2024-05-14,Man City,False,2.39,1.33
20240514_E0_Tottenham_ManCity,2023,2024-05-14,Tottenham,True,1.33,2.39
20240515_E0_Brighton_Chelsea,2023,2024-05-15,Brighton,True,1.24,1.49
20240515_E0_Brighton_Chelsea,2023,2024-05-15,Chelsea,False,1.49,1.24
20240515_E0_ManUnited_Newcastle,2023,2024-05-15,Man United,True,1.45,2.31
20240515_E0_ManUnited_Newcastle,2023,2024-05-15,Newcastle,False,2.31,1.45
20240519_E0_Arsenal_Everton,2023,2024-05-19,Arsenal,True,2.9,0.5
20240519_E0_Arsenal_Everton,2023,2024-05-19,Everton,False,0.5,2.9
20240519_E0_Brentford_Newcastle,2023,2024-05-19,Brentford,True,1.21,3.47
20240519_E0_Brentford_Newcastle,2023,2024-05-19,Newcastle,False,3.47,1.21
20240519_E0_Brighton_ManUnited,2023,2024-05-19,Brighton,True,1.57,1.19
20240519_E0_Brighton_ManUnited,2023,2024-05-19,Man United,False,1.19,1.57
20240519_E0_Burnley_NottmForest,2023,2024-05-19,Burnley,True,1.2,1.46
20240519_E0_Burnley_NottmForest,2023,2024-05-19,Nott'm Forest,False,1.46,1.2
20240519_E0_Chelsea_Bournemouth,2023,2024-05-19,Bournemouth,False,2.3,1.0
20240519_E0_Chelsea_Bournemouth,2023,2024-05-19,Chelsea,True,1.0,2.3
20240519_E0_CrystalPalace_AstonVilla,2023,2024-05-19,Aston Villa,False,1.08,2.48
20240519_E0_CrystalPalace_AstonVilla,2023,2024-05-19,Crystal Palace,True,2.48,1.08
20240519_E0_Liverpool_Wolves,2023,2024-05-19,Liverpool,True,5.35,0.56
20240519_E0_Liverpool_Wolves,2023,2024-05-19,Wolves,False,0.56,5.35
20240519_E0_Luton_Fulham,2023,2024-05-19,Fulham,False,1.06,2.1
20240519_E0_Luton_Fulham,2023,2024-05-19,Luton,True,2.1,1.06
20240519_E0_ManCity_WestHam,2023,2024-05-19,Man City,True,2.01,0.36
20240519_E0_ManCity_WestHam,2023,2024-05-19,West Ham,False,0.36,2.01
20240519_E0_SheffieldUnited_Tottenham,2023,2024-05-19,Sheffield United,True,0.71,3.29
20240519_E0_SheffieldUnited_Tottenham,2023,2024-05-19,Tottenham,False,3.29,0.71
20240816_E0_ManUnited_Fulham,2024,2024-08-16,Fulham,False,0.44,2.43
20240816_E0_ManUnited_Fulham,2024,2024-08-16,Man United,True,2.43,0.44
20240817_E0_Arsenal_Wolves,2024,2024-08-17,Arsenal,True,1.26,0.48
20240817_E0_Arsenal_Wolves,2024,2024-08-17,Wolves,False,0.48,1.26
20240817_E0_Everton_Brighton,2024,2024-08-17,Brighton,False,1.44,0.46
20240817_E0_Everton_Brighton,2024,2024-08-17,Everton,True,0.46,1.44
20240817_E0_Ipswich_Liverpool,2024,2024-08-17,Ipswich,True,0.46,2.66
20240817_E0_Ipswich_Liverpool,2024,2024-08-17,Liverpool,False,2.66,0.46
20240817_E0_Newcastle_Southampton,2024,2024-08-17,Newcastle,True,0.26,1.82
20240817_E0_Newcastle_Southampton,2024,2024-08-17,Southampton,False,1.82,0.26
20240817_E0_NottmForest_Bournemouth,2024,2024-08-17,Bournemouth,False,1.23,1.4
20240817_E0_NottmForest_Bournemouth,2024,2024-08-17,Nott'm Forest,True,1.4,1.23
20240817_E0_WestHam_AstonVilla,2024,2024-08-17,Aston Villa,False,2.03,2.45
20240817_E0_WestHam_AstonVilla,2024,2024-08-17,West Ham,True,2.45,2.03
20240818_E0_Brentford_CrystalPalace,2024,2024-08-18,Brentford,True,1.8,1.17
20240818_E0_Brentford_CrystalPalace,2024,2024-08-18,Crystal Palace,False,1.17,1.8
20240818_E0_Chelsea_ManCity,2024,2024-08-18,Chelsea,True,1.02,0.77
20240818_E0_Chelsea_ManCity,2024,2024-08-18,Man City,False,0.77,1.02
20240819_E0_Leicester_Tottenham,2024,2024-08-19,Leicester,True,1.01,1.22
20240819_E0_Leicester_Tottenham,2024,2024-08-19,Tottenham,False,1.22,1.01
20240824_E0_AstonVilla_Arsenal,2024,2024-08-24,Arsenal,False,0.87,1.28
20240824_E0_AstonVilla_Arsenal,2024,2024-08-24,Aston Villa,True,1.28,0.87
20240824_E0_Brighton_ManUnited,2024,2024-08-24,Brighton,True,2.1,1.43
20240824_E0_Brighton_ManUnited,2024,2024-08-24,Man United,False,1.43,2.1
20240824_E0_CrystalPalace_WestHam,2024,2024-08-24,Crystal Palace,True,1.35,1.38
20240824_E0_CrystalPalace_WestHam,2024,2024-08-24,West Ham,False,1.38,1.35
20240824_E0_Fulham_Leicester,2024,2024-08-24,Fulham,True,1.78,0.6
20240824_E0_Fulham_Leicester,2024,2024-08-24,Leicester,False,0.6,1.78
20240824_E0_ManCity_Ipswich,2024,2024-08-24,Ipswich,False,0.29,3.34
20240824_E0_ManCity_Ipswich,2024,2024-08-24,Man City,True,3.34,0.29
20240824_E0_Southampton_NottmForest,2024,2024-08-24,Nott'm Forest,False,2.44,0.14
20240824_E0_Southampton_NottmForest,2024,2024-08-24,Southampton,True,0.14,2.44
20240824_E0_Tottenham_Everton,2024,2024-08-24,Everton,False,1.0,2.44
20240824_E0_Tottenham_Everton,2024,2024-08-24,Tottenham,True,2.44,1.0
20240825_E0_Bournemouth_Newcastle,2024,2024-08-25,Bournemouth,True,2.22,1.61
20240825_E0_Bournemouth_Newcastle,2024,2024-08-25,Newcastle,False,1.61,2.22
20240825_E0_Liverpool_Brentford,2024,2024-08-25,Brentford,False,0.37,2.66
20240825_E0_Liverpool_Brentford,2024,2024-08-25,Liverpool,True,2.66,0.37
20240825_E0_Wolves_Chelsea,2024,2024-08-25,Chelsea,False,1.57,1.92
20240825_E0_Wolves_Chelsea,2024,2024-08-25,Wolves,True,1.92,1.57
20240831_E0_Arsenal_Brighton,2024,2024-08-31,Arsenal,True,2.12,1.94
20240831_E0_Arsenal_Brighton,2024,2024-08-31,Brighton,False,1.94,2.12
20240831_E0_Brentford_Southampton,2024,2024-08-31,Brentford,True,2.81,1.57
20240831_E0_Brentford_Southampton,2024,2024-08-31,Southampton,False,1.57,2.81
20240831_E0_Everton_Bournemouth,2024,2024-08-31,Bournemouth,False,2.22,1.97
20240831_E0_Everton_Bournemouth,2024,2024-08-31,Everton,True,1.97,2.22
20240831_E0_Ipswich_Fulham,2024,2024-08-31,Fulham,False,0.94,0.44
20240831_E0_Ipswich_Fulham,2024,2024-08-31,Ipswich,True,0.44,0.94
20240831_E0_Leicester_AstonVilla,2024,2024-08-31,Aston Villa,False,1.55,0.46
20240831_E0_Leicester_AstonVilla,2024,2024-08-31,Leicester,True,0.46,1.55
20240831_E0_NottmForest_Wolves,2024,2024-08-31,Nott'm Forest,True,1.04,0.75
20240831_E0_NottmForest_Wolves,2024,2024-08-31,Wolves,False,0.75,1.04
20240831_E0_WestHam_ManCity,2024,2024-08-31,Man City,False,3.02,0.72
20240831_E0_WestHam_ManCity,2024,2024-08-31,West Ham,True,0.72,3.02
20240901_E0_Chelsea_CrystalPalace,2024,2024-09-01,Chelsea,True,2.28,0.45
20240901_E0_Chelsea_CrystalPalace,2024,2024-09-01,Crystal Palace,False,0.45,2.28
20240901_E0_ManUnited_Liverpool,2024,2024-09-01,Liverpool,False,1.73,1.35
20240901_E0_ManUnited_Liverpool,2024,2024-09-01,Man United,True,1.35,1.73
20240901_E0_Newcastle_Tottenham,2024,2024-09-01,Newcastle,True,1.57,1.27
20240901_E0_Newcastle_Tottenham,2024,2024-09-01,Tottenham,False,1.27,1.57
20240914_E0_AstonVilla_Everton,2024,2024-09-14,Aston Villa,True,2.12,0.89
20240914_E0_AstonVilla_Everton,2024,2024-09-14,Everton,False,0.89,2.12
20240914_E0_Bournemouth_Chelsea,2024,2024-09-14,Bournemouth,True,1.76,0.78
20240914_E0_Bournemouth_Chelsea,2024,2024-09-14,Chelsea,False,0.78,1.76
20240914_E0_Brighton_Ipswich,2024,2024-09-14,Brighton,True,1.77,0.36
20240914_E0_Brighton_Ipswich,2024,2024-09-14,Ipswich,False,0.36,1.77
20240914_E0_CrystalPalace_Leicester,2024,2024-09-14,Crystal Palace,True,2.54,1.23
20240914_E0_CrystalPalace_Leicester,2024,2024-09-14,Leicester,False,1.23,2.54
20240914_E0_Fulham_WestHam,2024,2024-09-14,Fulham,True,1.55,0.76
20240914_E0_Fulham_WestHam,2024,2024-09-14,West Ham,False,0.76,1.55
20240914_E0_Liverpool_NottmForest,2024,2024-09-14,Liverpool,True,0.96,0.45
20240914_E0_Liverpool_NottmForest,2024,2024-09-14,Nott'm Forest,False,0.45,0.96
20240914_E0_ManCity_Brentford,2024,2024-09-14,Brentford,False,0.95,2.16
20240914_E0_ManCity_Brentford,2024,2024-09-14,Man City,True,2.16,0.95
20240914_E0_Southampton_ManUnited,2024,2024-09-14,Man United,False,2.67,1.11
20240914_E0_Southampton_ManUnited,2024,2024-09-14,Southampton,True,1.11,2.67
20240915_E0_Tottenham_Arsenal,2024,2024-09-15,Arsenal,False,0.73,0.77
20240915_E0_Tottenham_Arsenal,2024,2024-09-15,Tottenham,True,0.77,0.73
20240915_E0_Wolves_Newcastle,2024,2024-09-15,Newcastle,False,1.21,0.98
20240915_E0_Wolves_Newcastle,2024,2024-09-15,Wolves,True,0.98,1.21
20240921_E0_AstonVilla_Wolves,2024,2024-09-21,Aston Villa,True,1.73,0.53
20240921_E0_AstonVilla_Wolves,2024,2024-09-21,Wolves,False,0.53,1.73
20240921_E0_CrystalPalace_ManUnited,2024,2024-09-21,Crystal Palace,True,1.04,1.77
20240921_E0_CrystalPalace_ManUnited,2024,2024-09-21,Man United,False,1.77,1.04
20240921_E0_Fulham_Newcastle,2024,2024-09-21,Fulham,True,2.3,1.54
20240921_E0_Fulham_Newcastle,2024,2024-09-21,Newcastle,False,1.54,2.3
20240921_E0_Leicester_Everton,2024,2024-09-21,Everton,False,1.1,0.66
20240921_E0_Leicester_Everton,2024,2024-09-21,Leicester,True,0.66,1.1
20240921_E0_Liverpool_Bournemouth,2024,2024-09-21,Bournemouth,False,1.09,2.05
20240921_E0_Liverpool_Bournemouth,2024,2024-09-21,Liverpool,True,2.05,1.09
20240921_E0_Southampton_Ipswich,2024,2024-09-21,Ipswich,False,1.69,2.49
20240921_E0_Southampton_Ipswich,2024,2024-09-21,Southampton,True,2.49,1.69
20240921_E0_Tottenham_Brentford,2024,2024-09-21,Brentford,False,0.81,3.73
20240921_E0_Tottenham_Brentford,2024,2024-09-21,Tottenham,True,3.73,0.81
20240921_E0_WestHam_Chelsea,2024,2024-09-21,Chelsea,False,2.21,0.84
20240921_E0_WestHam_Chelsea,2024,2024-09-21,West Ham,True,0.84,2.21
20240922_E0_Brighton_NottmForest,2024,2024-09-22,Brighton,True,0.95,1.53
20240922_E0_Brighton_NottmForest,2024,2024-09-22,Nott'm Forest,False,1.53,0.95
20240922_E0_ManCity_Arsenal,2024,2024-09-22,Arsenal,False,0.65,2.17
20240922_E0_ManCity_Arsenal,2024,2024-09-22,Man City,True,2.17,0.65
20240928_E0_Arsenal_Leicester,2024,2024-09-28,Arsenal,True,4.83,0.33
20240928_E0_Arsenal_Leicester,2024,2024-09-28,Leicester,False,0.33,4.83
20240928_E0_Brentford_WestHam,2024,2024-09-28,Brentford,True,0.36,0.99
20240928_E0_Brentford_WestHam,2024,2024-09-28,West Ham,False,0.99,0.36
20240928_E0_Chelsea_Brighton,2024,2024-09-28,Brighton,False,1.1,4.16
20240928_E0_Chelsea_Brighton,2024,2024-09-28,Chelsea,True,4.16,1.1
20240928_E0_Everton_CrystalPalace,2024,2024-09-28,Crystal Palace,False,0.95,0.89
20240928_E0_Everton_CrystalPalace,2024,2024-09-28,Everton,True,0.89,0.95
20240928_E0_Newcastle_ManCity,2024,2024-09-28,Man City,False,0.92,1.59
20240928_E0_Newcastle_ManCity,2024,2024-09-28,Newcastle,True,1.59,0.92
20240928_E0_NottmForest_Fulham,2024,2024-09-28,Fulham,False,1.33,0.81
20240928_E0_NottmForest_Fulham,2024,2024-09-28,Nott'm Forest,True,0.81,1.33
20240928_E0_Wolves_Liverpool,2024,2024-09-28,Liverpool,False,2.54,0.64
20240928_E0_Wolves_Liverpool,2024,2024-09-28,Wolves,True,0.64,2.54
20240929_E0_Ipswich_AstonVilla,2024,2024-09-29,Aston Villa,False,0.83,1.2
20240929_E0_Ipswich_AstonVilla,2024,2024-09-29,Ipswich,True,1.2,0.83
20240929_E0_ManUnited_Tottenham,2024,2024-09-29,Man United,True,0.97,4.7
20240929_E0_ManUnited_Tottenham,2024,2024-09-29,Tottenham,False,4.7,0.97
20240930_E0_Bournemouth_Southampton,2024,2024-09-30,Bournemouth,True,1.39,0.59
20240930_E0_Bournemouth_Southampton,2024,2024-09-30,Southampton,False,0.59,1.39
20241005_E0_Arsenal_Southampton,2024,2024-10-05,Arsenal,True,2.87,0.65
20241005_E0_Arsenal_Southampton,2024,2024-10-05,Southampton,False,0.65,2.87
20241005_E0_Brentford_Wolves,2024,2024-10-05,Brentford,True,4.25,1.05
20241005_E0_Brentford_Wolves,2024,2024-10-05,Wolves,False,1.05,4.25
20241005_E0_CrystalPalace_Liverpool,2024,2024-10-05,Crystal Palace,True,0.65,1.4
20241005_E0_CrystalPalace_Liverpool,2024,2024-10-05,Liverpool,False,1.4,0.65
20241005_E0_Everton_Newcastle,2024,2024-10-05,Everton,True,0.72,2.05
20241005_E0_Everton_Newcastle,2024,2024-10-05,Newcastle,False,2.05,0.72
20241005_E0_Leicester_Bournemouth,2024,2024-10-05,Bournemouth,False,2.17,0.79
20241005_E0_Leicester_Bournemouth,2024,2024-10-05,Leicester,True,0.79,2.17
20241005_E0_ManCity_Fulham,2024,2024-10-05,Fulham,False,2.6,1.6
20241005_E0_ManCity_Fulham,2024,2024-10-05,Man City,True,1.6,2.6
20241005_E0_WestHam_Ipswich,2024,2024-10-05,Ipswich,False,0.65,3.85
20241005_E0_WestHam_Ipswich,2024,2024-10-05,West Ham,True,3.85,0.65
20241006_E0_AstonVilla_ManUnited,2024,2024-10-06,Aston Villa,True,0.42,0.53
20241006_E0_AstonVilla_ManUnited,2024,2024-10-06,Man United,False,0.53,0.42
20241006_E0_Brighton_Tottenham,2024,2024-10-06,Brighton,True,1.82,1.38
20241006_E0_Brighton_Tottenham,2024,2024-10-06,Tottenham,False,1.38,1.82
20241006_E0_Chelsea_NottmForest,2024,2024-10-06,Chelsea,True,2.26,0.84
20241006_E0_Chelsea_NottmForest,2024,2024-10-06,Nott'm Forest,False,0.84,2.26
20241019_E0_Bournemouth_Arsenal,2024,2024-10-19,Arsenal,False,0.68,1.83
20241019_E0_Bournemouth_Arsenal,2024,2024-10-19,Bournemouth,True,1.83,0.68
20241019_E0_Fulham_AstonVilla,2024,2024-10-19,Aston Villa,False,1.67,1.78
20241019_E0_Fulham_AstonVilla,2024,2024-10-19,Fulham,True,1.78,1.67
20241019_E0_Ipswich_Everton,2024,2024-10-19,Everton,False,1.74,1.27
20241019_E0_Ipswich_Everton,2024,2024-10-19,Ipswich,True,1.27,1.74
20241019_E0_ManUnited_Brentford,2024,2024-10-19,Brentford,False,0.86,1.33
20241019_E0_ManUnited_Brentford,2024,2024-10-19,Man United,True,1.33,0.86
20241019_E0_Newcastle_Brighton,2024,2024-10-19,Brighton,False,1.12,2.03
20241019_E0_Newcastle_Brighton,2024,2024-10-19,Newcastle,True,2.03,1.12
20241019_E0_Southampton_Leicester,2024,2024-10-19,Leicester,False,3.22,2.17
20241019_E0_Southampton_Leicester,2024,2024-10-19,Southampton,True,2.17,3.22
20241019_E0_Tottenham_WestHam,2024,2024-10-19,Tottenham,True,1.92,0.79
20241019_E0_Tottenham_WestHam,2024,2024-10-19,West Ham,False,0.79,1.92
20241020_E0_Liverpool_Chelsea,2024,2024-10-20,Chelsea,False,0.99,1.93
20241020_E0_Liverpool_Chelsea,2024,2024-10-20,Liverpool,True,1.93,0.99
20241020_E0_Wolves_ManCity,2024,2024-10-20,Man City,False,1.63,0.97
20241020_E0_Wolves_ManCity,2024,2024-10-20,Wolves,True,0.97,1.63
20241021_E0_NottmForest_CrystalPalace,2024,2024-10-21,Crystal Palace,False,1.12,1.63
20241021_E0_NottmForest_CrystalPalace,2024,2024-10-21,Nott'm Forest,True,1.63,1.12
20241025_E0_Leicester_NottmForest,2024,2024-10-25,Leicester,True,0.76,1.76
20241025_E0_Leicester_NottmForest,2024,2024-10-25,Nott'm Forest,False,1.76,0.76
20241026_E0_AstonVilla_Bournemouth,2024,2024-10-26,Aston Villa,True,1.82,0.31
20241026_E0_AstonVilla_Bournemouth,2024,2024-10-26,Bournemouth,False,0.31,1.82
20241026_E0_Brentford_Ipswich,2024,2024-10-26,Brentford,True,4.11,1.31
20241026_E0_Brentford_Ipswich,2024,2024-10-26,Ipswich,False,1.31,4.11
20241026_E0_Brighton_Wolves,2024,2024-10-26,Brighton,True,1.32,1.37
20241026_E0_Brighton_Wolves,2024,2024-10-26,Wolves,False,1.37,1.32
20241026_E0_Everton_Fulham,2024,2024-10-26,Everton,True,0.79,1.25
20241026_E0_Everton_Fulham,2024,2024-10-26,Fulham,False,1.25,0.79
20241026_E0_ManCity_Southampton,2024,2024-10-26,Man City,True,2.95,0.21
20241026_E0_ManCity_Southampton,2024,2024-10-26,Southampton,False,0.21,2.95
20241027_E0_Arsenal_Liverpool,2024,2024-10-27,Arsenal,True,1.04,0.86
20241027_E0_Arsenal_Liverpool,2024,2024-10-27,Liverpool,False,0.86,1.04
20241027_E0_Chelsea_Newcastle,2024,2024-10-27,Chelsea,True,1.65,1.93
20241027_E0_Chelsea_Newcastle,2024,2024-10-27,Newcastle,False,1.93,1.65
20241027_E0_CrystalPalace_Tottenham,2024,2024-10-27,Crystal Palace,True,0.83,0.71
20241027_E0_CrystalPalace_Tottenham,2024,2024-10-27,Tottenham,False,0.71,0.83
20241027_E0_WestHam_ManUnited,2024,2024-10-27,Man United,False,2.12,2.98
20241027_E0_WestHam_ManUnited,2024,2024-10-27,West Ham,True,2.98,2.12
20241102_E0_Bournemouth_ManCity,2024,2024-11-02,Bournemouth,True,2.13,1.58
20241102_E0_Bournemouth_ManCity,2024,2024-11-02,Man City,False,1.58,2.13
20241102_E0_Ipswich_Leicester,2024,2024-11-02,Ipswich,True,1.01,1.55
20241102_E0_Ipswich_Leicester,2024,2024-11-02,Leicester,False,1.55,1.01
20241102_E0_Liverpool_Brighton,2024,2024-11-02,Brighton,False,1.02,1.66
20241102_E0_Liverpool_Brighton,2024,2024-11-02,Liverpool,True,1.66,1.02
20241102_E0_Newcastle_Arsenal,2024,2024-11-02,Arsenal,False,1.07,0.51
20241102_E0_Newcastle_Arsenal,2024,2024-11-02,Newcastle,True,0.51,1.07
20241102_E0_NottmForest_WestHam,2024,2024-11-02,Nott'm Forest,True,2.16,0.13
20241102_E0_NottmForest_WestHam,2024,2024-11-02,West Ham,False,0.13,2.16
20241102_E0_Southampton_Everton,2024,2024-11-02,Everton,False,1.56,0.73
20241102_E0_Southampton_Everton,2024,2024-11-02,Southampton,True,0.73,1.56
20241102_E0_Wolves_CrystalPalace,2024,2024-11-02,Crystal Palace,False,2.51,1.52
20241102_E0_Wolves_CrystalPalace,2024,2024-11-02,Wolves,True,1.52,2.51
20241103_E0_ManUnited_Chelsea,2024,2024-11-03,Chelsea,False,1.12,1.98
20241103_E0_ManUnited_Chelsea,2024,2024-11-03,Man United,True,1.98,1.12
20241103_E0_Tottenham_AstonVilla,2024,2024-11-03,Aston Villa,False,1.85,2.44
20241103_E0_Tottenham_AstonVilla,2024,2024-11-03,Tottenham,True,2.44,1.85
20241104_E0_Fulham_Brentford,2024,2024-11-04,Brentford,False,0.64,1.36
20241104_E0_Fulham_Brentford,2024,2024-11-04,Fulham,True,1.36,0.64
20241109_E0_Brentford_Bournemouth,2024,2024-11-09,Bournemouth,False,2.61,1.47
20241109_E0_Brentford_Bournemouth,2024,2024-11-09,Brentford,True,1.47,2.61
20241109_E0_Brighton_ManCity,2024,2024-11-09,Brighton,True,2.29,2.21
20241109_E0_Brighton_ManCity,2024,2024-11-09,Man City,False,2.21,2.29
20241109_E0_CrystalPalace_Fulham,2024,2024-11-09,Crystal Palace,True,1.57,1.82
20241109_E0_CrystalPalace_Fulham,2024,2024-11-09,Fulham,False,1.82,1.57
20241109_E0_Liverpool_AstonVilla,2024,2024-11-09,Aston Villa,False,1.38,2.02
20241109_E0_Liverpool_AstonVilla,2024,2024-11-09,Liverpool,True,2.02,1.38
20241109_E0_WestHam_Everton,2024,2024-11-09,Everton,False,1.11,0.83
20241109_E0_WestHam_Everton,2024,2024-11-09,West Ham,True,0.83,1.11
20241109_E0_Wolves_Southampton,2024,2024-11-09,Southampton,False,0.65,1.26
20241109_E0_Wolves_Southampton,2024,2024-11-09,Wolves,True,1.26,0.65
20241110_E0_Chelsea_Arsenal,2024,2024-11-10,Arsenal,False,1.0,1.27
20241110_E0_Chelsea_Arsenal,2024,2024-11-10,Chelsea,True,1.27,1.0
20241110_E0_ManUnited_Leicester,2024,2024-11-10,Leicester,False,0.77,0.69
20241110_E0_ManUnited_Leicester,2024,2024-11-10,Man United,True,0.69,0.77
20241110_E0_NottmForest_Newcastle,2024,2024-11-10,Newcastle,False,1.7,0.63
20241110_E0_NottmForest_Newcastle,2024,2024-11-10,Nott'm Forest,True,0.63,1.7
20241110_E0_Tottenham_Ipswich,2024,2024-11-10,Ipswich,False,1.74,1.83
20241110_E0_Tottenham_Ipswich,2024,2024-11-10,Tottenham,True,1.83,1.74
20241123_E0_Arsenal_NottmForest,2024,2024-11-23,Arsenal,True,1.2,0.34
20241123_E0_Arsenal_NottmForest,2024,2024-11-23,Nott'm Forest,False,0.34,1.2
20241123_E0_AstonVilla_CrystalPalace,2024,2024-11-23,Aston Villa,True,3.12,1.26
20241123_E0_AstonVilla_CrystalPalace,2024,2024-11-23,Crystal Palace,False,1.26,3.12
20241123_E0_Bournemouth_Brighton,2024,2024-11-23,Bournemouth,True,1.62,0.95
20241123_E0_Bournemouth_Brighton,2024,2024-11-23,Brighton,False,0.95,1.62
20241123_E0_Everton_Brentford,2024,2024-11-23,Brentford,False,1.1,1.18
20241123_E0_Everton_Brentford,2024,2024-11-23,Everton,True,1.18,1.1
20241123_E0_Fulham_Wolves,2024,2024-11-23,Fulham,True,1.03,1.32
20241123_E0_Fulham_Wolves,2024,2024-11-23,Wolves,False,1.32,1.03
20241123_E0_Leicester_Chelsea,2024,2024-11-23,Chelsea,False,2.91,1.11
20241123_E0_Leicester_Chelsea,2024,2024-11-23,Leicester,True,1.11,2.91
20241123_E0_ManCity_Tottenham,2024,2024-11-23,Man City,True,2.14,2.52
20241123_E0_ManCity_Tottenham,2024,2024-11-23,Tottenham,False,2.52,2.14
20241124_E0_Ipswich_ManUnited,2024,2024-11-24,Ipswich,True,1.59,0.81
20241124_E0_Ipswich_ManUnited,2024,2024-11-24,Man United,False,0.81,1.59
20241124_E0_Southampton_Liverpool,2024,2024-11-24,Liverpool,False,3.14,1.28
20241124_E0_Southampton_Liverpool,2024,2024-11-24,Southampton,True,1.28,3.14
20241125_E0_Newcastle_WestHam,2024,2024-11-25,Newcastle,True,1.75,0.91
20241125_E0_Newcastle_WestHam,2024,2024-11-25,West Ham,False,0.91,1.75
20241129_E0_Brighton_Southampton,2024,2024-11-29,Brighton,True,1.7,1.0
20241129_E0_Brighton_Southampton,2024,2024-11-29,Southampton,False,1.0,1.7
20241130_E0_Brentford_Leicester,2024,2024-11-30,Brentford,True,2.39,1.06
20241130_E0_Brentford_Leicester,2024,2024-11-30,Leicester,False,1.06,2.39
20241130_E0_CrystalPalace_Newcastle,2024,2024-11-30,Crystal Palace,True,1.8,0.04
20241130_E0_CrystalPalace_Newcastle,2024,2024-11-30,Newcastle,False,0.04,1.8
20241130_E0_NottmForest_Ipswich,2024,2024-11-30,Ipswich,False,0.59,1.68
20241130_E0_NottmForest_Ipswich,2024,2024-11-30,Nott'm Forest,True,1.68,0.59
20241130_E0_WestHam_Arsenal,2024,2024-11-30,Arsenal,False,3.62,1.54
20241130_E0_WestHam_Arsenal,2024,2024-11-30,West Ham,True,1.54,3.62
20241130_E0_Wolves_Bournemouth,2024,2024-11-30,Bournemouth,False,3.28,0.47
20241130_E0_Wolves_Bournemouth,2024,2024-11-30,Wolves,True,0.47,3.28
20241201_E0_Chelsea_AstonVilla,2024,2024-12-01,Aston Villa,False,1.18,1.69
20241201_E0_Chelsea_AstonVilla,2024,2024-12-01,Chelsea,True,1.69,1.18
20241201_E0_Liverpool_ManCity,2024,2024-12-01,Liverpool,True,3.37,0.82
20241201_E0_Liverpool_ManCity,2024,2024-12-01,Man City,False,0.82,3.37
20241201_E0_ManUnited_Everton,2024,2024-12-01,Everton,False,0.65,0.81
20241201_E0_ManUnited_Everton,2024,2024-12-01,Man United,True,0.81,0.65
20241201_E0_Tottenham_Fulham,2024,2024-12-01,Fulham,False,1.48,0.66
20241201_E0_Tottenham_Fulham,2024,2024-12-01,Tottenham,True,0.66,1.48
20241203_E0_Ipswich_CrystalPalace,2024,2024-12-03,Crystal Palace,False,1.65,0.5
20241203_E0_Ipswich_CrystalPalace,2024,2024-12-03,Ipswich,True,0.5,1.65
20241203_E0_Leicester_WestHam,2024,2024-12-03,Leicester,True,1.67,3.09
20241203_E0_Leicester_WestHam,2024,2024-12-03,West Ham,False,3.09,1.67
20241204_E0_Arsenal_ManUnited,2024,2024-12-04,Arsenal,True,2.15,0.23
20241204_E0_Arsenal_ManUnited,2024,2024-12-04,Man United,False,0.23,2.15
20241204_E0_AstonVilla_Brentford,2024,2024-12-04,Aston Villa,True,2.45,1.04
20241204_E0_AstonVilla_Brentford,2024,2024-12-04,Brentford,False,1.04,2.45
20241204_E0_Everton_Wolves,2024,2024-12-04,Everton,True,1.02,0.78
20241204_E0_Everton_Wolves,2024,2024-12-04,Wolves,False,0.78,1.02
20241204_E0_ManCity_NottmForest,2024,2024-12-04,Man City,True,2.41,1.04
20241204_E0_ManCity_NottmForest,2024,2024-12-04,Nott'm Forest,False,1.04,2.41
20241204_E0_Newcastle_Liverpool,2024,2024-12-04,Liverpool,False,1.99,2.1
20241204_E0_Newcastle_Liverpool,2024,2024-12-04,Newcastle,True,2.1,1.99
20241204_E0_Southampton_Chelsea,2024,2024-12-04,Chelsea,False,5.51,1.56
20241204_E0_Southampton_Chelsea,2024,2024-12-04,Southampton,True,1.56,5.51
20241205_E0_Bournemouth_Tottenham,2024,2024-12-05,Bournemouth,True,3.32,0.59
20241205_E0_Bournemouth_Tottenham,2024,2024-12-05,Tottenham,False,0.59,3.32
20241205_E0_Fulham_Brighton,2024,2024-12-05,Brighton,False,1.33,0.66
20241205_E0_Fulham_Brighton,2024,2024-12-05,Fulham,True,0.66,1.33
20241207_E0_AstonVilla_Southampton,2024,2024-12-07,Aston Villa,True,2.28,0.34
20241207_E0_AstonVilla_Southampton,2024,2024-12-07,Southampton,False,0.34,2.28
20241207_E0_Brentford_Newcastle,2024,2024-12-07,Brentford,True,1.23,1.48
20241207_E0_Brentford_Newcastle,2024,2024-12-07,Newcastle,False,1.48,1.23
20241207_E0_CrystalPalace_ManCity,2024,2024-12-07,Crystal Palace,True,1.32,1.46
20241207_E0_CrystalPalace_ManCity,2024,2024-12-07,Man City,False,1.46,1.32
20241207_E0_ManUnited_NottmForest,2024,2024-12-07,Man United,True,1.72,0.84
20241207_E0_ManUnited_NottmForest,2024,2024-12-07,Nott'm Forest,False,0.84,1.72
20241208_E0_Fulham_Arsenal,2024,2024-12-08,Arsenal,False,2.01,0.16
20241208_E0_Fulham_Arsenal,2024,2024-12-08,Fulham,True,0.16,2.01
20241208_E0_Ipswich_Bournemouth,2024,2024-12-08,Bournemouth,False,3.39,1.32
20241208_E0_Ipswich_Bournemouth,2024,2024-12-08,Ipswich,True,1.32,3.39
20241208_E0_Leicester_Brighton,2024,2024-12-08,Brighton,False,1.54,1.32
20241208_E0_Leicester_Brighton,2024,2024-12-08,Leicester,True,1.32,1.54
20241208_E0_Tottenham_Chelsea,2024,2024-12-08,Chelsea,False,2.82,2.89
20241208_E0_Tottenham_Chelsea,2024,2024-12-08,Tottenham,True,2.89,2.82
20241209_E0_WestHam_Wolves,2024,2024-12-09,West Ham,True,1.01,1.63
20241209_E0_WestHam_Wolves,2024,2024-12-09,Wolves,False,1.63,1.01
20241214_E0_Arsenal_Everton,2024,2024-12-14,Arsenal,True,1.22,0.09
20241214_E0_Arsenal_Everton,2024,2024-12-14,Everton,False,0.09,1.22
20241214_E0_Liverpool_Fulham,2024,2024-12-14,Fulham,False,1.22,2.13
20241214_E0_Liverpool_Fulham,2024,2024-12-14,Liverpool,True,2.13,1.22
20241214_E0_Newcastle_Leicester,2024,2024-12-14,Leicester,False,0.18,3.79
20241214_E0_Newcastle_Leicester,2024,2024-12-14,Newcastle,True,3.79,0.18
20241214_E0_NottmForest_AstonVilla,2024,2024-12-14,Aston Villa,False,0.42,1.78
20241214_E0_NottmForest_AstonVilla,2024,2024-12-14,Nott'm Forest,True,1.78,0.42
20241214_E0_Wolves_Ipswich,2024,2024-12-14,Ipswich,False,1.18,1.27
20241214_E0_Wolves_Ipswich,2024,2024-12-14,Wolves,True,1.27,1.18
20241215_E0_Brighton_CrystalPalace,2024,2024-12-15,Brighton,True,1.0,2.32
20241215_E0_Brighton_CrystalPalace,2024,2024-12-15,Crystal Palace,False,2.32,1.0
20241215_E0_Chelsea_Brentford,2024,2024-12-15,Brentford,False,1.63,2.25
20241215_E0_Chelsea_Brentford,2024,2024-12-15,Chelsea,True,2.25,1.63
20241215_E0_ManCity_ManUnited,2024,2024-12-15,Man City,True,0.97,2.07
20241215_E0_ManCity_ManUnited,2024,2024-12-15,Man United,False,2.07,0.97
20241215_E0_Southampton_Tottenham,2024,2024-12-15,Southampton,True,0.84,2.43
20241215_E0_Southampton_Tottenham,2024,2024-12-15,Tottenham,False,2.43,0.84
20241216_E0_Bournemouth_WestHam,2024,2024-12-16,Bournemouth,True,1.91,2.19
20241216_E0_Bournemouth_WestHam,2024,2024-12-16,West Ham,False,2.19,1.91
20241221_E0_AstonVilla_ManCity,2024,2024-12-21,Aston Villa,True,1.67,1.02
20241221_E0_AstonVilla_ManCity,2024,2024-12-21,Man City,False,1.02,1.67
20241221_E0_Brentford_NottmForest,2024,2024-12-21,Brentford,True,0.72,0.89
20241221_E0_Brentford_NottmForest,2024,2024-12-21,Nott'm Forest,False,0.89,0.72
20241221_E0_CrystalPalace_Arsenal,2024,2024-12-21,Arsenal,False,3.02,1.59
20241221_E0_CrystalPalace_Arsenal,2024,2024-12-21,Crystal Palace,True,1.59,3.02
20241221_E0_Ipswich_Newcastle,2024,2024-12-21,Ipswich,True,0.75,2.32
20241221_E0_Ipswich_Newcastle,2024,2024-12-21,Newcastle,False,2.32,0.75
20241221_E0_WestHam_Brighton,2024,2024-12-21,Brighton,False,0.95,1.32
20241221_E0_WestHam_Brighton,2024,2024-12-21,West Ham,True,1.32,0.95
20241222_E0_Everton_Chelsea,2024,2024-12-22,Chelsea,False,0.86,1.03
20241222_E0_Everton_Chelsea,2024,2024-12-22,Everton,True,1.03,0.86
20241222_E0_Fulham_Southampton,2024,2024-12-22,Fulham,True,1.04,0.26
20241222_E0_Fulham_Southampton,2024,2024-12-22,Southampton,False,0.26,1.04
20241222_E0_Leicester_Wolves,2024,2024-12-22,Leicester,True,0.81,1.06
20241222_E0_Leicester_Wolves,2024,2024-12-22,Wolves,False,1.06,0.81
20241222_E0_ManUnited_Bournemouth,2024,2024-12-22,Bournemouth,False,1.36,2.26
20241222_E0_ManUnited_Bournemouth,2024,2024-12-22,Man United,True,2.26,1.36
20241222_E0_Tottenham_Liverpool,2024,2024-12-22,Liverpool,False,5.22,1.25
20241222_E0_Tottenham_Liverpool,2024,2024-12-22,Tottenham,True,1.25,5.22
20241226_E0_Bournemouth_CrystalPalace,2024,2024-12-26,Bournemouth,True,1.47,0.45
20241226_E0_Bournemouth_CrystalPalace,2024,2024-12-26,Crystal Palace,False,0.45,1.47
20241226_E0_Chelsea_Fulham,2024,2024-12-26,Chelsea,True,1.13,1.78
20241226_E0_Chelsea_Fulham,2024,2024-12-26,Fulham,False,1.78,1.13
20241226_E0_Liverpool_Leicester,2024,2024-12-26,Leicester,False,0.34,1.91
20241226_E0_Liverpool_Leicester,2024,2024-12-26,Liverpool,True,1.91,0.34
20241226_E0_ManCity_Everton,2024,2024-12-26,Everton,False,0.65,2.35
20241226_E0_ManCity_Everton,2024,2024-12-26,Man City,True,2.35,0.65
20241226_E0_Newcastle_AstonVilla,2024,2024-12-26,Aston Villa,False,0.36,2.77
20241226_E0_Newcastle_AstonVilla,2024,2024-12-26,Newcastle,True,2.77,0.36
20241226_E0_NottmForest_Tottenham,2024,2024-12-26,Nott'm Forest,True,1.12,0.91
20241226_E0_NottmForest_Tottenham,2024,2024-12-26,Tottenham,False,0.91,1.12
20241226_E0_Southampton_WestHam,2024,2024-12-26,Southampton,True,1.41,1.82
20241226_E0_Southampton_WestHam,2024,2024-12-26,West Ham,False,1.82,1.41
20241226_E0_Wolves_ManUnited,2024,2024-12-26,Man United,False,0.45,0.86
20241226_E0_Wolves_ManUnited,2024,2024-12-26,Wolves,True,0.86,0.45
20241227_E0_Arsenal_Ipswich,2024,2024-12-27,Arsenal,True,1.94,0.16
20241227_E0_Arsenal_Ipswich,2024,2024-12-27,Ipswich,False,0.16,1.94
20241227_E0_Brighton_Brentford,2024,2024-12-27,Brentford,False,0.92,1.35
20241227_E0_Brighton_Brentford,2024,2024-12-27,Brighton,True,1.35,0.92
20241229_E0_CrystalPalace_Southampton,2024,2024-12-29,Crystal Palace,True,2.02,0.96
20241229_E0_CrystalPalace_Southampton,2024,2024-12-29,Southampton,False,0.96,2.02
20241229_E0_Everton_NottmForest,2024,2024-12-29,Everton,True,0.88,1.56
20241229_E0_Everton_NottmForest,2024,2024-12-29,Nott'm Forest,False,1.56,0.88
20241229_E0_Fulham_Bournemouth,2024,2024-12-29,Bournemouth,False,1.99,1.11
20241229_E0_Fulham_Bournemouth,2024,2024-12-29,Fulham,True,1.11,1.99
20241229_E0_Leicester_ManCity,2024,2024-12-29,Leicester,True,1.3,1.27
20241229_E0_Leicester_ManCity,2024,2024-12-29,Man City,False,1.27,1.3
20241229_E0_Tottenham_Wolves,2024,2024-12-29,Tottenham,True,2.25,0.72
20241229_E0_Tottenham_Wolves,2024,2024-12-29,Wolves,False,0.72,2.25
20241229_E0_WestHam_Liverpool,2024,2024-12-29,Liverpool,False,3.15,0.35
20241229_E0_WestHam_Liverpool,2024,2024-12-29,West Ham,True,0.35,3.15
20241230_E0_AstonVilla_Brighton,2024,2024-12-30,Aston Villa,True,1.78,1.12
20241230_E0_AstonVilla_Brighton,2024,2024-12-30,Brighton,False,1.12,1.78
20241230_E0_Ipswich_Chelsea,2024,2024-12-30,Chelsea,False,2.02,1.58
20241230_E0_Ipswich_Chelsea,2024,2024-12-30,Ipswich,True,1.58,2.02
20241230_E0_ManUnited_Newcastle,2024,2024-12-30,Man United,True,0.91,1.92
20241230_E0_ManUnited_Newcastle,2024,2024-12-30,Newcastle,False,1.92,0.91
20250101_E0_Brentford_Arsenal,2024,2025-01-01,Arsenal,False,2.04,0.29
20250101_E0_Brentford_Arsenal,2024,2025-01-01,Brentford,True,0.29,2.04
20250104_E0_AstonVilla_Leicester,2024,2025-01-04,Aston Villa,True,1.55,0.43
20250104_E0_AstonVilla_Leicester,2024,2025-01-04,Leicester,False,0.43,1.55
20250104_E0_Bournemouth_Everton,2024,2025-01-04,Bournemouth,True,1.85,0.71
20250104_E0_Bournemouth_Everton,2024,2025-01-04,Everton,False,0.71,1.85
20250104_E0_Brighton_Arsenal,2024,2025-01-04,Arsenal,False,0.87,1.52
20250104_E0_Brighton_Arsenal,2024,2025-01-04,Brighton,True,1.52,0.87
20250104_E0_CrystalPalace_Chelsea,2024,2025-01-04,Chelsea,False,1.25,1.08
20250104_E0_CrystalPalace_Chelsea,2024,2025-01-04,Crystal Palace,True,1.08,1.25
20250104_E0_ManCity_WestHam,2024,2025-01-04,Man City,True,1.92,1.38
20250104_E0_ManCity_WestHam,2024,2025-01-04,West Ham,False,1.38,1.92
20250104_E0_Southampton_Brentford,2024,2025-01-04,Brentford,False,4.46,0.29
20250104_E0_Southampton_Brentford,2024,2025-01-04,Southampton,True,0.29,4.46
20250104_E0_Tottenham_Newcastle,2024,2025-01-04,Newcastle,False,2.52,0.94
20250104_E0_Tottenham_Newcastle,2024,2025-01-04,Tottenham,True,0.94,2.52
20250105_E0_Fulham_Ipswich,2024,2025-01-05,Fulham,True,2.24,1.6
20250105_E0_Fulham_Ipswich,2024,2025-01-05,Ipswich,False,1.6,2.24
20250105_E0_Liverpool_ManUnited,2024,2025-01-05,Liverpool,True,2.83,1.07
20250105_E0_Liverpool_ManUnited,2024,2025-01-05,Man United,False,1.07,2.83
20250106_E0_Wolves_NottmForest,2024,2025-01-06,Nott'm Forest,False,2.2,1.58
20250106_E0_Wolves_NottmForest,2024,2025-01-06,Wolves,True,1.58,2.2
20250114_E0_Brentford_ManCity,2024,2025-01-14,Brentford,True,2.56,2.2
20250114_E0_Brentford_ManCity,2024,2025-01-14,Man City,False,2.2,2.56
20250114_E0_Chelsea_Bournemouth,2024,2025-01-14,Bournemouth,False,1.19,2.49
20250114_E0_Chelsea_Bournemouth,2024,2025-01-14,Chelsea,True,2.49,1.19
20250114_E0_NottmForest_Liverpool,2024,2025-01-14,Liverpool,False,1.99,0.31
20250114_E0_NottmForest_Liverpool,2024,2025-01-14,Nott'm Forest,True,0.31,1.99
20250114_E0_WestHam_Fulham,2024,2025-01-14,Fulham,False,1.97,0.96
20250114_E0_WestHam_Fulham,2024,2025-01-14,West Ham,True,0.96,1.97
20250115_E0_Arsenal_Tottenham,2024,2025-01-15,Arsenal,True,1.45,0.78
20250115_E0_Arsenal_Tottenham,2024,2025-01-15,Tottenham,False,0.78,1.45
20250115_E0_Everton_AstonVilla,2024,2025-01-15,Aston Villa,False,1.22,1.14
20250115_E0_Everton_AstonVilla,2024,2025-01-15,Everton,True,1.14,1.22
20250115_E0_Leicester_CrystalPalace,2024,2025-01-15,Crystal Palace,False,1.81,1.7
20250115_E0_Leicester_CrystalPalace,2024,2025-01-15,Leicester,True,1.7,1.81
20250115_E0_Newcastle_Wolves,2024,2025-01-15,Newcastle,True,2.11,1.63
20250115_E0_Newcastle_Wolves,2024,2025-01-15,Wolves,False,1.63,2.11
20250116_E0_Ipswich_Brighton,2024,2025-01-16,Brighton,False,0.97,0.29
20250116_E0_Ipswich_Brighton,2024,2025-01-16,Ipswich,True,0.29,0.97
20250116_E0_ManUnited_Southampton,2024,2025-01-16,Man United,True,3.19,1.58
20250116_E0_ManUnited_Southampton,2024,2025-01-16,Southampton,False,1.58,3.19
20250118_E0_Arsenal_AstonVilla,2024,2025-01-18,Arsenal,True,1.35,1.03
20250118_E0_Arsenal_AstonVilla,2024,2025-01-18,Aston Villa,False,1.03,1.35
20250118_E0_Brentford_Liverpool,2024,2025-01-18,Brentford,True,0.72,3.42
20250118_E0_Brentford_Liverpool,2024,2025-01-18,Liverpool,False,3.42,0.72
20250118_E0_Leicester_Fulham,2024,2025-01-18,Fulham,False,2.2,0.49
20250118_E0_Leicester_Fulham,2024,2025-01-18,Leicester,True,0.49,2.2
20250118_E0_Newcastle_Bournemouth,2024,2025-01-18,Bournemouth,False,2.29,0.83
20250118_E0_Newcastle_Bournemouth,2024,2025-01-18,Newcastle,True,0.83,2.29
20250118_E0_WestHam_CrystalPalace,2024,2025-01-18,Crystal Palace,False,1.32,0.28
20250118_E0_WestHam_CrystalPalace,2024,2025-01-18,West Ham,True,0.28,1.32
20250119_E0_Everton_Tottenham,2024,2025-01-19,Everton,True,1.95,1.14
20250119_E0_Everton_Tottenham,2024,2025-01-19,Tottenham,False,1.14,1.95
20250119_E0_Ipswich_ManCity,2024,2025-01-19,Ipswich,True,0.58,3.08
20250119_E0_Ipswich_ManCity,2024,2025-01-19,Man City,False,3.08,0.58
20250119_E0_ManUnited_Brighton,2024,2025-01-19,Brighton,False,1.92,1.48
20250119_E0_ManUnited_Brighton,2024,2025-01-19,Man United,True,1.48,1.92
20250119_E0_NottmForest_Southampton,2024,2025-01-19,Nott'm Forest,True,2.04,0.9
20250119_E0_NottmForest_Southampton,2024,2025-01-19,Southampton,False,0.9,2.04
20250120_E0_Chelsea_Wolves,2024,2025-01-20,Chelsea,True,3.16,0.85
20250120_E0_Chelsea_Wolves,2024,2025-01-20,Wolves,False,0.85,3.16
20250125_E0_Bournemouth_NottmForest,2024,2025-01-25,Bournemouth,True,1.71,0.98
20250125_E0_Bournemouth_NottmForest,2024,2025-01-25,Nott'm Forest,False,0.98,1.71
20250125_E0_Brighton_Everton,2024,2025-01-25,Brighton,True,0.73,0.85
20250125_E0_Brighton_Everton,2024,2025-01-25,Everton,False,0.85,0.73
20250125_E0_Liverpool_Ipswich,2024,2025-01-25,Ipswich,False,0.48,2.24
20250125_E0_Liverpool_Ipswich,2024,2025-01-25,Liverpool,True,2.24,0.48
20250125_E0_ManCity_Chelsea,2024,2025-01-25,Chelsea,False,1.81,2.51
20250125_E0_ManCity_Chelsea,2024,2025-01-25,Man City,True,2.51,1.81
20250125_E0_Southampton_Newcastle,2024,2025-01-25,Newcastle,False,2.91,0.76
20250125_E0_Southampton_Newcastle,2024,2025-01-25,Southampton,True,0.76,2.91
20250125_E0_Wolves_Arsenal,2024,2025-01-25,Arsenal,False,1.0,0.75
20250125_E0_Wolves_Arsenal,2024,2025-01-25,Wolves,True,0.75,1.0
20250126_E0_AstonVilla_WestHam,2024,2025-01-26,Aston Villa,True,0.85,1.32
20250126_E0_AstonVilla_WestHam,2024,2025-01-26,West Ham,False,1.32,0.85
20250126_E0_CrystalPalace_Brentford,2024,2025-01-26,Brentford,False,1.53,1.07
20250126_E0_CrystalPalace_Brentford,2024,2025-01-26,Crystal Palace,True,1.07,1.53
20250126_E0_Fulham_ManUnited,2024,2025-01-26,Fulham,True,0.67,0.26
20250126_E0_Fulham_ManUnited,2024,2025-01-26,Man United,False,0.26,0.67
20250126_E0_Tottenham_Leicester,2024,2025-01-26,Leicester,False,1.54,1.04
20250126_E0_Tottenham_Leicester,2024,2025-01-26,Tottenham,True,1.04,1.54
20250201_E0_Bournemouth_Liverpool,2024,2025-02-01,Bournemouth,True,1.61,2.53
20250201_E0_Bournemouth_Liverpool,2024,2025-02-01,Liverpool,False,2.53,1.61
20250201_E0_Everton_Leicester,2024,2025-02-01,Everton,True,2.47,0.33
20250201_E0_Everton_Leicester,2024,2025-02-01,Leicester,False,0.33,2.47
20250201_E0_Ipswich_Southampton,2024,2025-02-01,Ipswich,True,1.85,0.92
20250201_E0_Ipswich_Southampton,2024,2025-02-01,Southampton,False,0.92,1.85
20250201_E0_Newcastle_Fulham,2024,2025-02-01,Fulham,False,1.56,0.75
20250201_E0_Newcastle_Fulham,2024,2025-02-01,Newcastle,True,0.75,1.56
20250201_E0_NottmForest_Brighton,2024,2025-02-01,Brighton,False,0.88,3.41
20250201_E0_NottmForest_Brighton,2024,2025-02-01,Nott'm Forest,True,3.41,0.88
20250201_E0_Wolves_AstonVilla,2024,2025-02-01,Aston Villa,False,0.44,1.68
20250201_E0_Wolves_AstonVilla,2024,2025-02-01,Wolves,True,1.68,0.44
20250202_E0_Arsenal_ManCity,2024,2025-02-02,Arsenal,True,1.0,0.82
20250202_E0_Arsenal_ManCity,2024,2025-02-02,Man City,False,0.82,1.0
20250202_E0_Brentford_Tottenham,2024,2025-02-02,Brentford,True,2.08,0.87
20250202_E0_Brentford_Tottenham,2024,2025-02-02,Tottenham,False,0.87,2.08
20250202_E0_ManUnited_CrystalPalace,2024,2025-02-02,Crystal Palace,False,2.62,1.13
20250202_E0_ManUnited_CrystalPalace,2024,2025-02-02,Man United,True,1.13,2.62
20250203_E0_Chelsea_WestHam,2024,2025-02-03,Chelsea,True,1.67,1.22
20250203_E0_Chelsea_WestHam,2024,2025-02-03,West Ham,False,1.22,1.67
20250212_E0_Everton_Liverpool,2024,2025-02-12,Everton,True,0.98,0.66
20250212_E0_Everton_Liverpool,2024,2025-02-12,Liverpool,False,0.66,0.98
20250214_E0_Brighton_Chelsea,2024,2025-02-14,Brighton,True,1.43,0.55
20250214_E0_Brighton_Chelsea,2024,2025-02-14,Chelsea,False,0.55,1.43
20250215_E0_AstonVilla_Ipswich,2024,2025-02-15,Aston Villa,True,2.43,0.37
20250215_E0_AstonVilla_Ipswich,2024,2025-02-15,Ipswich,False,0.37,2.43
20250215_E0_CrystalPalace_Everton,2024,2025-02-15,Crystal Palace,True,1.74,0.97
20250215_E0_CrystalPalace_Everton,2024,2025-02-15,Everton,False,0.97,1.74
20250215_E0_Fulham_NottmForest,2024,2025-02-15,Fulham,True,2.2,0.42
20250215_E0_Fulham_NottmForest,2024,2025-02-15,Nott'm Forest,False,0.42,2.2
20250215_E0_Leicester_Arsenal,2024,2025-02-15,Arsenal,False,1.37,0.21
20250215_E0_Leicester_Arsenal,2024,2025-02-15,Leicester,True,0.21,1.37
20250215_E0_ManCity_Newcastle,2024,2025-02-15,Man City,True,1.91,0.48
20250215_E0_ManCity_Newcastle,2024,2025-02-15,Newcastle,False,0.48,1.91
20250215_E0_Southampton_Bournemouth,2024,2025-02-15,Bournemouth,False,1.19,0.79
20250215_E0_Southampton_Bournemouth,2024,2025-02-15,Southampton,True,0.79,1.19
20250215_E0_WestHam_Brentford,2024,2025-02-15,Brentford,False,1.67,0.82
20250215_E0_WestHam_Brentford,2024,2025-02-15,West Ham,True,0.82,1.67
20250216_E0_Liverpool_Wolves,2024,2025-02-16,Liverpool,True,1.66,1.49
20250216_E0_Liverpool_Wolves,2024,2025-02-16,Wolves,False,1.49,1.66
20250216_E0_Tottenham_ManUnited,2024,2025-02-16,Man United,False,1.53,2.29
20250216_E0_Tottenham_ManUnited,2024,2025-02-16,Tottenham,True,2.29,1.53
20250219_E0_AstonVilla_Liverpool,2024,2025-02-19,Aston Villa,True,0.74,2.44
20250219_E0_AstonVilla_Liverpool,2024,2025-02-19,Liverpool,False,2.44,0.74
20250221_E0_Leicester_Brentford,2024,2025-02-21,Brentford,False,1.53,0.51
20250221_E0_Leicester_Brentford,2024,2025-02-21,Leicester,True,0.51,1.53
20250222_E0_Arsenal_WestHam,2024,2025-02-22,Arsenal,True,1.24,1.07
20250222_E0_Arsenal_WestHam,2024,2025-02-22,West Ham,False,1.07,1.24
20250222_E0_AstonVilla_Chelsea,2024,2025-02-22,Aston Villa,True,2.33,2.3
20250222_E0_AstonVilla_Chelsea,2024,2025-02-22,Chelsea,False,2.3,2.33
20250222_E0_Bournemouth_Wolves,2024,2025-02-22,Bournemouth,True,0.62,2.02
20250222_E0_Bournemouth_Wolves,2024,2025-02-22,Wolves,False,2.02,0.62
20250222_E0_Everton_ManUnited,2024,2025-02-22,Everton,True,1.91,0.41
20250222_E0_Everton_ManUnited,2024,2025-02-22,Man United,False,0.41,1.91
20250222_E0_Fulham_CrystalPalace,2024,2025-02-22,Crystal Palace,False,1.33,0.21
20250222_E0_Fulham_CrystalPalace,2024,2025-02-22,Fulham,True,0.21,1.33
20250222_E0_Ipswich_Tottenham,2024,2025-02-22,Ipswich,True,1.15,1.73
20250222_E0_Ipswich_Tottenham,2024,2025-02-22,Tottenham,False,1.73,1.15
20250222_E0_Southampton_Brighton,2024,2025-02-22,Brighton,False,3.98,0.13
20250222_E0_Southampton_Brighton,2024,2025-02-22,Southampton,True,0.13,3.98
20250223_E0_ManCity_Liverpool,2024,2025-02-23,Liverpool,False,0.71,0.64
20250223_E0_ManCity_Liverpool,2024,2025-02-23,Man City,True,0.64,0.71
20250223_E0_Newcastle_NottmForest,2024,2025-02-23,Newcastle,True,3.07,2.19
20250223_E0_Newcastle_NottmForest,2024,2025-02-23,Nott'm Forest,False,2.19,3.07
20250225_E0_Brighton_Bournemouth,2024,2025-02-25,Bournemouth,False,1.46,2.42
20250225_E0_Brighton_Bournemouth,2024,2025-02-25,Brighton,True,2.42,1.46
20250225_E0_Chelsea_Southampton,2024,2025-02-25,Chelsea,True,2.57,0.72
20250225_E0_Chelsea_Southampton,2024,2025-02-25,Southampton,False,0.72,2.57
20250225_E0_CrystalPalace_AstonVilla,2024,2025-02-25,Aston Villa,False,0.37,4.34
20250225_E0_CrystalPalace_AstonVilla,2024,2025-02-25,Crystal Palace,True,4.34,0.37
20250225_E0_Wolves_Fulham,2024,2025-02-25,Fulham,False,1.69,1.31
20250225_E0_Wolves_Fulham,2024,2025-02-25,Wolves,True,1.31,1.69
20250226_E0_Brentford_Everton,2024,2025-02-26,Brentford,True,1.73,1.37
20250226_E0_Brentford_Everton,2024,2025-02-26,Everton,False,1.37,1.73
20250226_E0_Liverpool_Newcastle,2024,2025-02-26,Liverpool,True,1.71,0.22
20250226_E0_Liverpool_Newcastle,2024,2025-02-26,Newcastle,False,0.22,1.71
20250226_E0_ManUnited_Ipswich,2024,2025-02-26,Ipswich,False,1.42,0.81
20250226_E0_ManUnited_Ipswich,2024,2025-02-26,Man United,True,0.81,1.42
20250226_E0_NottmForest_Arsenal,2024,2025-02-26,Arsenal,False,0.99,0.41
20250226_E0_NottmForest_Arsenal,2024,2025-02-26,Nott'm Forest,True,0.41,0.99
20250226_E0_Tottenham_ManCity,2024,2025-02-26,Man City,False,2.12,1.32
20250226_E0_Tottenham_ManCity,2024,2025-02-26,Tottenham,True,1.32,2.12
20250227_E0_WestHam_Leicester,2024,2025-02-27,Leicester,False,0.37,1.65
20250227_E0_WestHam_Leicester,2024,2025-02-27,West Ham,True,1.65,0.37
20250308_E0_Brentford_AstonVilla,2024,2025-03-08,Aston Villa,False,1.34,0.85
20250308_E0_Brentford_AstonVilla,2024,2025-03-08,Brentford,True,0.85,1.34
20250308_E0_Brighton_Fulham,2024,2025-03-08,Brighton,True,1.54,0.9
20250308_E0_Brighton_Fulham,2024,2025-03-08,Fulham,False,0.9,1.54
20250308_E0_CrystalPalace_Ipswich,2024,2025-03-08,Crystal Palace,True,3.26,1.8
20250308_E0_CrystalPalace_Ipswich,2024,2025-03-08,Ipswich,False,1.8,3.26
20250308_E0_Liverpool_Southampton,2024,2025-03-08,Liverpool,True,4.11,0.37
20250308_E0_Liverpool_Southampton,2024,2025-03-08,Southampton,False,0.37,4.11
20250308_E0_NottmForest_ManCity,2024,2025-03-08,Man City,False,0.86,0.72
20250308_E0_NottmForest_ManCity,2024,2025-03-08,Nott'm Forest,True,0.72,0.86
20250308_E0_Wolves_Everton,2024,2025-03-08,Everton,False,1.42,0.78
20250308_E0_Wolves_Everton,2024,2025-03-08,Wolves,True,0.78,1.42
20250309_E0_Chelsea_Leicester,2024,2025-03-09,Chelsea,True,1.78,0.11
20250309_E0_Chelsea_Leicester,2024,2025-03-09,Leicester,False,0.11,1.78
20250309_E0_ManUnited_Arsenal,2024,2025-03-09,Arsenal,False,1.67,1.52
20250309_E0_ManUnited_Arsenal,2024,2025-03-09,Man United,True,1.52,1.67
20250309_E0_Tottenham_Bournemouth,2024,2025-03-09,Bournemouth,False,2.21,1.54
20250309_E0_Tottenham_Bournemouth,2024,2025-03-09,Tottenham,True,1.54,2.21
20250310_E0_WestHam_Newcastle,2024,2025-03-10,Newcastle,False,1.38,0.46
20250310_E0_WestHam_Newcastle,2024,2025-03-10,West Ham,True,0.46,1.38
20250315_E0_Bournemouth_Brentford,2024,2025-03-15,Bournemouth,True,1.67,0.84
20250315_E0_Bournemouth_Brentford,2024,2025-03-15,Brentford,False,0.84,1.67
20250315_E0_Everton_WestHam,2024,2025-03-15,Everton,True,1.0,0.84
20250315_E0_Everton_WestHam,2024,2025-03-15,West Ham,False,0.84,1.0
20250315_E0_Ipswich_NottmForest,2024,2025-03-15,Ipswich,True,0.44,1.52
20250315_E0_Ipswich_NottmForest,2024,2025-03-15,Nott'm Forest,False,1.52,0.44
20250315_E0_ManCity_Brighton,2024,2025-03-15,Brighton,False,2.03,1.74
20250315_E0_ManCity_Brighton,2024,2025-03-15,Man City,True,1.74,2.03
20250315_E0_Southampton_Wolves,2024,2025-03-15,Southampton,True,1.4,0.36
20250315_E0_Southampton_Wolves,2024,2025-03-15,Wolves,False,0.36,1.4
20250316_E0_Arsenal_Chelsea,2024,2025-03-16,Arsenal,True,0.72,0.35
20250316_E0_Arsenal_Chelsea,2024,2025-03-16,Chelsea,False,0.35,0.72
20250316_E0_Fulham_Tottenham,2024,2025-03-16,Fulham,True,0.98,0.95
20250316_E0_Fulham_Tottenham,2024,2025-03-16,Tottenham,False,0.95,0.98
20250316_E0_Leicester_ManUnited,2024,2025-03-16,Leicester,True,1.18,0.78
20250316_E0_Leicester_ManUnited,2024,2025-03-16,Man United,False,0.78,1.18
20250401_E0_Arsenal_Fulham,2024,2025-04-01,Arsenal,True,2.38,0.99
20250401_E0_Arsenal_Fulham,2024,2025-04-01,Fulham,False,0.99,2.38
20250401_E0_NottmForest_ManUnited,2024,2025-04-01,Man United,False,1.64,0.48
20250401_E0_NottmForest_ManUnited,2024,2025-04-01,Nott'm Forest,True,0.48,1.64
20250401_E0_Wolves_WestHam,2024,2025-04-01,West Ham,False,1.35,1.19
20250401_E0_Wolves_WestHam,2024,2025-04-01,Wolves,True,1.19,1.35
20250402_E0_Bournemouth_Ipswich,2024,2025-04-02,Bournemouth,True,2.02,1.17
20250402_E0_Bournemouth_Ipswich,2024,2025-04-02,Ipswich,False,1.17,2.02
20250402_E0_Brighton_AstonVilla,2024,2025-04-02,Aston Villa,False,1.25,0.9
20250402_E0_Brighton_AstonVilla,2024,2025-04-02,Brighton,True,0.9,1.25
20250402_E0_Liverpool_Everton,2024,2025-04-02,Everton,False,0.66,1.47
20250402_E0_Liverpool_Everton,2024,2025-04-02,Liverpool,True,1.47,0.66
20250402_E0_ManCity_Leicester,2024,2025-04-02,Leicester,False,0.07,2.25
20250402_E0_ManCity_Leicester,2024,2025-04-02,Man City,True,2.25,0.07
20250402_E0_Newcastle_Brentford,2024,2025-04-02,Brentford,False,1.6,1.28
20250402_E0_Newcastle_Brentford,2024,2025-04-02,Newcastle,True,1.28,1.6
20250402_E0_Southampton_CrystalPalace,2024,2025-04-02,Crystal Palace,False,0.75,0.67
20250402_E0_Southampton_CrystalPalace,2024,2025-04-02,Southampton,True,0.67,0.75
20250403_E0_Chelsea_Tottenham,2024,2025-04-03,Chelsea,True,1.1,0.8
20250403_E0_Chelsea_Tottenham,2024,2025-04-03,Tottenham,False,0.8,1.1
20250405_E0_AstonVilla_NottmForest,2024,2025-04-05,Aston Villa,True,3.03,1.46
20250405_E0_AstonVilla_NottmForest,2024,2025-04-05,Nott'm Forest,False,1.46,3.03
20250405_E0_CrystalPalace_Brighton,2024,2025-04-05,Brighton,False,1.01,0.6
20250405_E0_CrystalPalace_Brighton,2024,2025-04-05,Crystal Palace,True,0.6,1.01
20250405_E0_Everton_Arsenal,2024,2025-04-05,Arsenal,False,1.83,1.08
20250405_E0_Everton_Arsenal,2024,2025-04-05,Everton,True,1.08,1.83
20250405_E0_Ipswich_Wolves,2024,2025-04-05,Ipswich,True,0.8,2.7
20250405_E0_Ipswich_Wolves,2024,2025-04-05,Wolves,False,2.7,0.8
20250405_E0_WestHam_Bournemouth,2024,2025-04-05,Bournemouth,False,2.14,0.7
20250405_E0_WestHam_Bournemouth,2024,2025-04-05,West Ham,True,0.7,2.14
20250406_E0_Brentford_Chelsea,2024,2025-04-06,Brentford,True,1.19,1.23
20250406_E0_Brentford_Chelsea,2024,2025-04-06,Chelsea,False,1.23,1.19
20250406_E0_Fulham_Liverpool,2024,2025-04-06,Fulham,True,0.75,1.49
20250406_E0_Fulham_Liverpool,2024,2025-04-06,Liverpool,False,1.49,0.75
20250406_E0_ManUnited_ManCity,2024,2025-04-06,Man City,False,0.49,0.94
20250406_E0_ManUnited_ManCity,2024,2025-04-06,Man United,True,0.94,0.49
20250406_E0_Tottenham_Southampton,2024,2025-04-06,Southampton,False,1.04,2.12
20250406_E0_Tottenham_Southampton,2024,2025-04-06,Tottenham,True,2.12,1.04
20250407_E0_Leicester_Newcastle,2024,2025-04-07,Leicester,True,0.47,3.35
20250407_E0_Leicester_Newcastle,2024,2025-04-07,Newcastle,False,3.35,0.47
20250412_E0_Arsenal_Brentford,2024,2025-04-12,Arsenal,True,0.96,0.25
20250412_E0_Arsenal_Brentford,2024,2025-04-12,Brentford,False,0.25,0.96
20250412_E0_Brighton_Leicester,2024,2025-04-12,Brighton,True,3.91,1.52
20250412_E0_Brighton_Leicester,2024,2025-04-12,Leicester,False,1.52,3.91
20250412_E0_ManCity_CrystalPalace,2024,2025-04-12,Crystal Palace,False,1.82,4.01
20250412_E0_ManCity_CrystalPalace,2024,2025-04-12,Man City,True,4.01,1.82
20250412_E0_NottmForest_Everton,2024,2025-04-12,Everton,False,1.35,0.52
20250412_E0_NottmForest_Everton,2024,2025-04-12,Nott'm Forest,True,0.52,1.35
20250412_E0_Southampton_AstonVilla,2024,2025-04-12,Aston Villa,False,3.28,0.31
20250412_E0_Southampton_AstonVilla,2024,2025-04-12,Southampton,True,0.31,3.28
20250413_E0_Chelsea_Ipswich,2024,2025-04-13,Chelsea,True,2.27,1.08
20250413_E0_Chelsea_Ipswich,2024,2025-04-13,Ipswich,False,1.08,2.27
20250413_E0_Liverpool_WestHam,2024,2025-04-13,Liverpool,True,1.78,1.51
20250413_E0_Liverpool_WestHam,2024,2025-04-13,West Ham,False,1.51,1.78
20250413_E0_Newcastle_ManUnited,2024,2025-04-13,Man United,False,0.72,2.17
20250413_E0_Newcastle_ManUnited,2024,2025-04-13,Newcastle,True,2.17,0.72
20250413_E0_Wolves_Tottenham,2024,2025-04-13,Tottenham,False,2.08,2.37
20250413_E0_Wolves_Tottenham,2024,2025-04-13,Wolves,True,2.37,2.08
20250414_E0_Bournemouth_Fulham,2024,2025-04-14,Bournemouth,True,1.46,1.06
20250414_E0_Bournemouth_Fulham,2024,2025-04-14,Fulham,False,1.06,1.46
20250416_E0_Newcastle_CrystalPalace,2024,2025-04-16,Crystal Palace,False,2.0,1.39
20250416_E0_Newcastle_CrystalPalace,2024,2025-04-16,Newcastle,True,1.39,2.0
20250419_E0_AstonVilla_Newcastle,2024,2025-04-19,Aston Villa,True,2.26,1.01
20250419_E0_AstonVilla_Newcastle,2024,2025-04-19,Newcastle,False,1.01,2.26
20250419_E0_Brentford_Brighton,2024,2025-04-19,Brentford,True,2.25,1.42
20250419_E0_Brentford_Brighton,2024,2025-04-19,Brighton,False,1.42,2.25
20250419_E0_CrystalPalace_Bournemouth,2024,2025-04-19,Bournemouth,False,0.72,0.36
20250419_E0_CrystalPalace_Bournemouth,2024,2025-04-19,Crystal Palace,True,0.36,0.72
20250419_E0_Everton_ManCity,2024,2025-04-19,Everton,True,0.92,2.03
20250419_E0_Everton_ManCity,2024,2025-04-19,Man City,False,2.03,0.92
20250419_E0_WestHam_Southampton,2024,2025-04-19,Southampton,False,0.65,0.91
20250419_E0_WestHam_Southampton,2024,2025-04-19,West Ham,True,0.91,0.65
20250420_E0_Fulham_Chelsea,2024,2025-04-20,Chelsea,False,0.91,0.25
20250420_E0_Fulham_Chelsea,2024,2025-04-20,Fulham,True,0.25,0.91
20250420_E0_Ipswich_Arsenal,2024,2025-04-20,Arsenal,False,2.53,0.17
20250420_E0_Ipswich_Arsenal,2024,2025-04-20,Ipswich,True,0.17,2.53
20250420_E0_Leicester_Liverpool,2024,2025-04-20,Leicester,True,0.27,2.63
20250420_E0_Leicester_Liverpool,2024,2025-04-20,Liverpool,False,2.63,0.27
20250420_E0_ManUnited_Wolves,2024,2025-04-20,Man United,True,1.31,0.25
20250420_E0_ManUnited_Wolves,2024,2025-04-20,Wolves,False,0.25,1.31
20250421_E0_Tottenham_NottmForest,2024,2025-04-21,Nott'm Forest,False,0.48,2.14
20250421_E0_Tottenham_NottmForest,2024,2025-04-21,Tottenham,True,2.14,0.48
20250422_E0_ManCity_AstonVilla,2024,2025-04-22,Aston Villa,False,1.76,1.32
20250422_E0_ManCity_AstonVilla,2024,2025-04-22,Man City,True,1.32,1.76
20250423_E0_Arsenal_CrystalPalace,2024,2025-04-23,Arsenal,True,1.36,1.75
20250423_E0_Arsenal_CrystalPalace,2024,2025-04-23,Crystal Palace,False,1.75,1.36
20250426_E0_Brighton_WestHam,2024,2025-04-26,Brighton,True,1.3,1.27
20250426_E0_Brighton_WestHam,2024,2025-04-26,West Ham,False,1.27,1.3
20250426_E0_Chelsea_Everton,2024,2025-04-26,Chelsea,True,0.89,0.45
20250426_E0_Chelsea_Everton,2024,2025-04-26,Everton,False,0.45,0.89
20250426_E0_Newcastle_Ipswich,2024,2025-04-26,Ipswich,False,0.1,2.86
20250426_E0_Newcastle_Ipswich,2024,2025-04-26,Newcastle,True,2.86,0.1
20250426_E0_Southampton_Fulham,2024,2025-04-26,Fulham,False,2.42,0.63
20250426_E0_Southampton_Fulham,2024,2025-04-26,Southampton,True,0.63,2.42
20250426_E0_Wolves_Leicester,2024,2025-04-26,Leicester,False,1.15,2.02
20250426_E0_Wolves_Leicester,2024,2025-04-26,Wolves,True,2.02,1.15
20250427_E0_Bournemouth_ManUnited,2024,2025-04-27,Bournemouth,True,0.53,2.52
20250427_E0_Bournemouth_ManUnited,2024,2025-04-27,Man United,False,2.52,0.53
20250427_E0_Liverpool_Tottenham,2024,2025-04-27,Liverpool,True,2.28,0.45
20250427_E0_Liverpool_Tottenham,2024,2025-04-27,Tottenham,False,0.45,2.28
20250501_E0_NottmForest_Brentford,2024,2025-05-01,Brentford,False,1.65,0.98
20250501_E0_NottmForest_Brentford,2024,2025-05-01,Nott'm Forest,True,0.98,1.65
20250502_E0_ManCity_Wolves,2024,2025-05-02,Man City,True,0.72,0.42
20250502_E0_ManCity_Wolves,2024,2025-05-02,Wolves,False,0.42,0.72
20250503_E0_Arsenal_Bournemouth,2024,2025-05-03,Arsenal,True,1.42,0.97
20250503_E0_Arsenal_Bournemouth,2024,2025-05-03,Bournemouth,False,0.97,1.42
20250503_E0_AstonVilla_Fulham,2024,2025-05-03,Aston Villa,True,0.96,0.85
20250503_E0_AstonVilla_Fulham,2024,2025-05-03,Fulham,False,0.85,0.96
20250503_E0_Everton_Ipswich,2024,2025-05-03,Everton,True,0.56,0.85
20250503_E0_Everton_Ipswich,2024,2025-05-03,Ipswich,False,0.85,0.56
20250503_E0_Leicester_Southampton,2024,2025-05-03,Leicester,True,1.4,0.53
20250503_E0_Leicester_Southampton,2024,2025-05-03,Southampton,False,0.53,1.4
20250504_E0_Brentford_ManUnited,2024,2025-05-04,Brentford,True,2.8,1.56
20250504_E0_Brentford_ManUnited,2024,2025-05-04,Man United,False,1.56,2.8
20250504_E0_Brighton_Newcastle,2024,2025-05-04,Brighton,True,0.69,1.85
20250504_E0_Brighton_Newcastle,2024,2025-05-04,Newcastle,False,1.85,0.69
20250504_E0_Chelsea_Liverpool,2024,2025-05-04,Chelsea,True,3.14,1.05
20250504_E0_Chelsea_Liverpool,2024,2025-05-04,Liverpool,False,1.05,3.14
20250504_E0_WestHam_Tottenham,2024,2025-05-04,Tottenham,False,0.77,0.84
20250504_E0_WestHam_Tottenham,2024,2025-05-04,West Ham,True,0.84,0.77
20250505_E0_CrystalPalace_NottmForest,2024,2025-05-05,Crystal Palace,True,2.56,0.71
20250505_E0_CrystalPalace_NottmForest,2024,2025-05-05,Nott'm Forest,False,0.71,2.56
20250510_E0_Bournemouth_AstonVilla,2024,2025-05-10,Aston Villa,False,1.0,0.84
20250510_E0_Bournemouth_AstonVilla,2024,2025-05-10,Bournemouth,True,0.84,1.0
20250510_E0_Fulham_Everton,2024,2025-05-10,Everton,False,1.12,0.77
20250510_E0_Fulham_Everton,2024,2025-05-10,Fulham,True,0.77,1.12
20250510_E0_Ipswich_Brentford,2024,2025-05-10,Brentford,False,1.41,0.92
20250510_E0_Ipswich_Brentford,2024,2025-05-10,Ipswich,True,0.92,1.41
20250510_E0_Southampton_ManCity,2024,2025-05-10,Man City,False,1.83,0.1
20250510_E0_Southampton_ManCity,2024,2025-05-10,Southampton,True,0.1,1.83
20250510_E0_Wolves_Brighton,2024,2025-05-10,Brighton,False,1.57,0.92
20250510_E0_Wolves_Brighton,2024,2025-05-10,Wolves,True,0.92,1.57
20250511_E0_Liverpool_Arsenal,2024,2025-05-11,Arsenal,False,2.32,2.55
20250511_E0_Liverpool_Arsenal,2024,2025-05-11,Liverpool,True,2.55,2.32
20250511_E0_ManUnited_WestHam,2024,2025-05-11,Man United,True,2.28,1.55
20250511_E0_ManUnited_WestHam,2024,2025-05-11,West Ham,False,1.55,2.28
20250511_E0_Newcastle_Chelsea,2024,2025-05-11,Chelsea,False,0.68,1.57
20250511_E0_Newcastle_Chelsea,2024,2025-05-11,Newcastle,True,1.57,0.68
20250511_E0_NottmForest_Leicester,2024,2025-05-11,Leicester,False,1.11,1.34
20250511_E0_NottmForest_Leicester,2024,2025-05-11,Nott'm Forest,True,1.34,1.11
20250511_E0_Tottenham_CrystalPalace,2024,2025-05-11,Crystal Palace,False,3.38,0.69
20250511_E0_Tottenham_CrystalPalace,2024,2025-05-11,Tottenham,True,0.69,3.38
20250516_E0_AstonVilla_Tottenham,2024,2025-05-16,Aston Villa,True,1.39,0.52
20250516_E0_AstonVilla_Tottenham,2024,2025-05-16,Tottenham,False,0.52,1.39
20250516_E0_Chelsea_ManUnited,2024,2025-05-16,Chelsea,True,0.82,0.29
20250516_E0_Chelsea_ManUnited,2024,2025-05-16,Man United,False,0.29,0.82
20250518_E0_Arsenal_Newcastle,2024,2025-05-18,Arsenal,True,0.65,1.9
20250518_E0_Arsenal_Newcastle,2024,2025-05-18,Newcastle,False,1.9,0.65
20250518_E0_Brentford_Fulham,2024,2025-05-18,Brentford,True,2.88,0.98
20250518_E0_Brentford_Fulham,2024,2025-05-18,Fulham,False,0.98,2.88
20250518_E0_Everton_Southampton,2024,2025-05-18,Everton,True,2.73,1.3
20250518_E0_Everton_Southampton,2024,2025-05-18,Southampton,False,1.3,2.73
20250518_E0_Leicester_Ipswich,2024,2025-05-18,Ipswich,False,1.4,0.81
20250518_E0_Leicester_Ipswich,2024,2025-05-18,Leicester,True,0.81,1.4
20250518_E0_WestHam_NottmForest,2024,2025-05-18,Nott'm Forest,False,1.97,1.12
20250518_E0_WestHam_NottmForest,2024,2025-05-18,West Ham,True,1.12,1.97
20250519_E0_Brighton_Liverpool,2024,2025-05-19,Brighton,True,2.24,2.24
20250519_E0_Brighton_Liverpool,2024,2025-05-19,Liverpool,False,2.24,2.24
20250520_E0_CrystalPalace_Wolves,2024,2025-05-20,Crystal Palace,True,1.7,1.53
20250520_E0_CrystalPalace_Wolves,2024,2025-05-20,Wolves,False,1.53,1.7
20250520_E0_ManCity_Bournemouth,2024,2025-05-20,Bournemouth,False,1.06,1.59
20250520_E0_ManCity_Bournemouth,2024,2025-05-20,Man City,True,1.59,1.06
20250525_E0_Bournemouth_Leicester,2024,2025-05-25,Bournemouth,True,1.81,0.28
20250525_E0_Bournemouth_Leicester,2024,2025-05-25,Leicester,False,0.28,1.81
20250525_E0_Fulham_ManCity,2024,2025-05-25,Fulham,True,1.78,2.92
20250525_E0_Fulham_ManCity,2024,2025-05-25,Man City,False,2.92,1.78
20250525_E0_Ipswich_WestHam,2024,2025-05-25,Ipswich,True,0.8,1.02
20250525_E0_Ipswich_WestHam,2024,2025-05-25,West Ham,False,1.02,0.8
20250525_E0_Liverpool_CrystalPalace,2024,2025-05-25,Crystal Palace,False,1.76,2.18
20250525_E0_Liverpool_CrystalPalace,2024,2025-05-25,Liverpool,True,2.18,1.76
20250525_E0_ManUnited_AstonVilla,2024,2025-05-25,Aston Villa,False,0.4,2.88
20250525_E0_ManUnited_AstonVilla,2024,2025-05-25,Man United,True,2.88,0.4
20250525_E0_Newcastle_Everton,2024,2025-05-25,Everton,False,0.99,1.27
20250525_E0_Newcastle_Everton,2024,2025-05-25,Newcastle,True,1.27,0.99
20250525_E0_NottmForest_Chelsea,2024,2025-05-25,Chelsea,False,1.07,1.36
20250525_E0_NottmForest_Chelsea,2024,2025-05-25,Nott'm Forest,True,1.36,1.07
20250525_E0_Southampton_Arsenal,2024,2025-05-25,Arsenal,False,2.23,0.63
20250525_E0_Southampton_Arsenal,2024,2025-05-25,Southampton,True,0.63,2.23
20250525_E0_Tottenham_Brighton,2024,2025-05-25,Brighton,False,2.28,1.95
20250525_E0_Tottenham_Brighton,2024,2025-05-25,Tottenham,True,1.95,2.28
20250525_E0_Wolves_Brentford,2024,2025-05-25,Brentford,False,1.44,1.11
20250525_E0_Wolves_Brentford,2024,2025-05-25,Wolves,True,1.11,1.44
20250815_E0_Liverpool_Bournemouth,2025,2025-08-15,Bournemouth,False,1.71,2.22
20250815_E0_Liverpool_Bournemouth,2025,2025-08-15,Liverpool,True,2.22,1.71
20250816_E0_AstonVilla_Newcastle,2025,2025-08-16,Aston Villa,True,0.2,1.42
20250816_E0_AstonVilla_Newcastle,2025,2025-08-16,Newcastle,False,1.42,0.2
20250816_E0_Brighton_Fulham,2025,2025-08-16,Brighton,True,1.49,0.79
20250816_E0_Brighton_Fulham,2025,2025-08-16,Fulham,False,0.79,1.49
20250816_E0_Sunderland_WestHam,2025,2025-08-16,Sunderland,True,0.68,0.57
20250816_E0_Sunderland_WestHam,2025,2025-08-16,West Ham,False,0.57,0.68
20250816_E0_Tottenham_Burnley,2025,2025-08-16,Burnley,False,0.94,2.33
20250816_E0_Tottenham_Burnley,2025,2025-08-16,Tottenham,True,2.33,0.94
20250816_E0_Wolves_ManCity,2025,2025-08-16,Man City,False,2.46,0.55
20250816_E0_Wolves_ManCity,2025,2025-08-16,Wolves,True,0.55,2.46
20250817_E0_Chelsea_CrystalPalace,2025,2025-08-17,Chelsea,True,1.6,0.66
20250817_E0_Chelsea_CrystalPalace,2025,2025-08-17,Crystal Palace,False,0.66,1.6
20250817_E0_ManUnited_Arsenal,2025,2025-08-17,Arsenal,False,1.31,1.51
20250817_E0_ManUnited_Arsenal,2025,2025-08-17,Man United,True,1.51,1.31
20250817_E0_NottmForest_Brentford,2025,2025-08-17,Brentford,False,1.5,1.86
20250817_E0_NottmForest_Brentford,2025,2025-08-17,Nott'm Forest,True,1.86,1.5
20250818_E0_Leeds_Everton,2025,2025-08-18,Everton,False,0.57,2.08
20250818_E0_Leeds_Everton,2025,2025-08-18,Leeds,True,2.08,0.57
20250822_E0_WestHam_Chelsea,2025,2025-08-22,Chelsea,False,2.75,0.72
20250822_E0_WestHam_Chelsea,2025,2025-08-22,West Ham,True,0.72,2.75
20250823_E0_Arsenal_Leeds,2025,2025-08-23,Arsenal,True,2.87,0.17
20250823_E0_Arsenal_Leeds,2025,2025-08-23,Leeds,False,0.17,2.87
20250823_E0_Bournemouth_Wolves,2025,2025-08-23,Bournemouth,True,1.29,0.46
20250823_E0_Bournemouth_Wolves,2025,2025-08-23,Wolves,False,0.46,1.29
20250823_E0_Brentford_AstonVilla,2025,2025-08-23,Aston Villa,False,1.19,1.21
20250823_E0_Brentford_AstonVilla,2025,2025-08-23,Brentford,True,1.21,1.19
20250823_E0_Burnley_Sunderland,2025,2025-08-23,Burnley,True,0.99,0.76
20250823_E0_Burnley_Sunderland,2025,2025-08-23,Sunderland,False,0.76,0.99
20250823_E0_ManCity_Tottenham,2025,2025-08-23,Man City,True,1.55,1.12
20250823_E0_ManCity_Tottenham,2025,2025-08-23,Tottenham,False,1.12,1.55
20250824_E0_CrystalPalace_NottmForest,2025,2025-08-24,Crystal Palace,True,1.09,0.93
20250824_E0_CrystalPalace_NottmForest,2025,2025-08-24,Nott'm Forest,False,0.93,1.09
20250824_E0_Everton_Brighton,2025,2025-08-24,Brighton,False,2.43,1.59
20250824_E0_Everton_Brighton,2025,2025-08-24,Everton,True,1.59,2.43
20250824_E0_Fulham_ManUnited,2025,2025-08-24,Fulham,True,1.76,1.64
20250824_E0_Fulham_ManUnited,2025,2025-08-24,Man United,False,1.64,1.76
20250825_E0_Newcastle_Liverpool,2025,2025-08-25,Liverpool,False,0.71,0.94
20250825_E0_Newcastle_Liverpool,2025,2025-08-25,Newcastle,True,0.94,0.71
20250830_E0_Chelsea_Fulham,2025,2025-08-30,Chelsea,True,2.36,1.02
20250830_E0_Chelsea_Fulham,2025,2025-08-30,Fulham,False,1.02,2.36
20250830_E0_Leeds_Newcastle,2025,2025-08-30,Leeds,True,0.69,0.46
20250830_E0_Leeds_Newcastle,2025,2025-08-30,Newcastle,False,0.46,0.69
20250830_E0_ManUnited_Burnley,2025,2025-08-30,Burnley,False,1.25,3.63
20250830_E0_ManUnited_Burnley,2025,2025-08-30,Man United,True,3.63,1.25
20250830_E0_Sunderland_Brentford,2025,2025-08-30,Brentford,False,1.19,1.54
20250830_E0_Sunderland_Brentford,2025,2025-08-30,Sunderland,True,1.54,1.19
20250830_E0_Tottenham_Bournemouth,2025,2025-08-30,Bournemouth,False,1.59,0.19
20250830_E0_Tottenham_Bournemouth,2025,2025-08-30,Tottenham,True,0.19,1.59
20250830_E0_Wolves_Everton,2025,2025-08-30,Everton,False,1.93,1.11
20250830_E0_Wolves_Everton,2025,2025-08-30,Wolves,True,1.11,1.93
20250831_E0_AstonVilla_CrystalPalace,2025,2025-08-31,Aston Villa,True,1.13,2.67
20250831_E0_AstonVilla_CrystalPalace,2025,2025-08-31,Crystal Palace,False,2.67,1.13
20250831_E0_Brighton_ManCity,2025,2025-08-31,Brighton,True,2.3,1.82
20250831_E0_Brighton_ManCity,2025,2025-08-31,Man City,False,1.82,2.3
20250831_E0_Liverpool_Arsenal,2025,2025-08-31,Arsenal,False,0.49,0.5
20250831_E0_Liverpool_Arsenal,2025,2025-08-31,Liverpool,True,0.5,0.49
20250831_E0_NottmForest_WestHam,2025,2025-08-31,Nott'm Forest,True,0.74,2.43
20250831_E0_NottmForest_WestHam,2025,2025-08-31,West Ham,False,2.43,0.74
20250913_E0_Arsenal_NottmForest,2025,2025-09-13,Arsenal,True,1.84,0.19
20250913_E0_Arsenal_NottmForest,2025,2025-09-13,Nott'm Forest,False,0.19,1.84
20250913_E0_Bournemouth_Brighton,2025,2025-09-13,Bournemouth,True,1.45,0.62
20250913_E0_Bournemouth_Brighton,2025,2025-09-13,Brighton,False,0.62,1.45
20250913_E0_Brentford_Chelsea,2025,2025-09-13,Brentford,True,1.42,1.26
20250913_E0_Brentford_Chelsea,2025,2025-09-13,Chelsea,False,1.26,1.42
20250913_E0_CrystalPalace_Sunderland,2025,2025-09-13,Crystal Palace,True,1.8,0.36
20250913_E0_CrystalPalace_Sunderland,2025,2025-09-13,Sunderland,False,0.36,1.8
20250913_E0_Everton_AstonVilla,2025,2025-09-13,Aston Villa,False,0.54,2.1
20250913_E0_Everton_AstonVilla,2025,2025-09-13,Everton,True,2.1,0.54
20250913_E0_Fulham_Leeds,2025,2025-09-13,Fulham,True,0.85,0.78
20250913_E0_Fulham_Leeds,2025,2025-09-13,Leeds,False,0.78,0.85
20250913_E0_Newcastle_Wolves,2025,2025-09-13,Newcastle,True,1.55,0.5
20250913_E0_Newcastle_Wolves,2025,2025-09-13,Wolves,False,0.5,1.55
20250913_E0_WestHam_Tottenham,2025,2025-09-13,Tottenham,False,1.3,0.59
20250913_E0_WestHam_Tottenham,2025,2025-09-13,West Ham,True,0.59,1.3
20250914_E0_Burnley_Liverpool,2025,2025-09-14,Burnley,True,0.13,2.43
20250914_E0_Burnley_Liverpool,2025,2025-09-14,Liverpool,False,2.43,0.13
20250914_E0_ManCity_ManUnited,2025,2025-09-14,Man City,True,2.6,1.51
20250914_E0_ManCity_ManUnited,2025,2025-09-14,Man United,False,1.51,2.6
20250920_E0_Brighton_Tottenham,2025,2025-09-20,Brighton,True,1.32,1.23
20250920_E0_Brighton_Tottenham,2025,2025-09-20,Tottenham,False,1.23,1.32
20250920_E0_Burnley_NottmForest,2025,2025-09-20,Burnley,True,0.85,1.09
20250920_E0_Burnley_NottmForest,2025,2025-09-20,Nott'm Forest,False,1.09,0.85
20250920_E0_Fulham_Brentford,2025,2025-09-20,Brentford,False,0.61,1.02
20250920_E0_Fulham_Brentford,2025,2025-09-20,Fulham,True,1.02,0.61
20250920_E0_Liverpool_Everton,2025,2025-09-20,Everton,False,0.7,0.9
20250920_E0_Liverpool_Everton,2025,2025-09-20,Liverpool,True,0.9,0.7
20250920_E0_ManUnited_Chelsea,2025,2025-09-20,Chelsea,False,0.43,1.83
20250920_E0_ManUnited_Chelsea,2025,2025-09-20,Man United,True,1.83,0.43
20250920_E0_WestHam_CrystalPalace,2025,2025-09-20,Crystal Palace,False,2.3,0.68
20250920_E0_WestHam_CrystalPalace,2025,2025-09-20,West Ham,True,0.68,2.3
20250920_E0_Wolves_Leeds,2025,2025-09-20,Leeds,False,0.49,1.78
20250920_E0_Wolves_Leeds,2025,2025-09-20,Wolves,True,1.78,0.49
20250921_E0_Arsenal_ManCity,2025,2025-09-21,Arsenal,True,0.95,0.89
20250921_E0_Arsenal_ManCity,2025,2025-09-21,Man City,False,0.89,0.95
20250921_E0_Bournemouth_Newcastle,2025,2025-09-21,Bournemouth,True,0.54,0.14
20250921_E0_Bournemouth_Newcastle,2025,2025-09-21,Newcastle,False,0.14,0.54
20250921_E0_Sunderland_AstonVilla,2025,2025-09-21,Aston Villa,False,0.71,1.06
20250921_E0_Sunderland_AstonVilla,2025,2025-09-21,Sunderland,True,1.06,0.71
20250927_E0_Brentford_ManUnited,2025,2025-09-27,Brentford,True,2.03,2.08
20250927_E0_Brentford_ManUnited,2025,2025-09-27,Man United,False,2.08,2.03
20250927_E0_Chelsea_Brighton,2025,2025-09-27,Brighton,False,2.28,1.82
20250927_E0_Chelsea_Brighton,2025,2025-09-27,Chelsea,True,1.82,2.28
20250927_E0_CrystalPalace_Liverpool,2025,2025-09-27,Crystal Palace,True,2.94,2.13
20250927_E0_CrystalPalace_Liverpool,2025,2025-09-27,Liverpool,False,2.13,2.94
20250927_E0_Leeds_Bournemouth,2025,2025-09-27,Bournemouth,False,0.82,1.84
20250927_E0_Leeds_Bournemouth,2025,2025-09-27,Leeds,True,1.84,0.82
20250927_E0_ManCity_Burnley,2025,2025-09-27,Burnley,False,0.42,2.03
20250927_E0_ManCity_Burnley,2025,2025-09-27,Man City,True,2.03,0.42
20250927_E0_NottmForest_Sunderland,2025,2025-09-27,Nott'm Forest,True,1.68,1.2
20250927_E0_NottmForest_Sunderland,2025,2025-09-27,Sunderland,False,1.2,1.68
20250927_E0_Tottenham_Wolves,2025,2025-09-27,Tottenham,True,0.87,1.19
20250927_E0_Tottenham_Wolves,2025,2025-09-27,Wolves,False,1.19,0.87
20250928_E0_AstonVilla_Fulham,2025,2025-09-28,Aston Villa,True,1.11,0.93
20250928_E0_AstonVilla_Fulham,2025,2025-09-28,Fulham,False,0.93,1.11
20250928_E0_Newcastle_Arsenal,2025,2025-09-28,Arsenal,False,2.04,0.61
20250928_E0_Newcastle_Arsenal,2025,2025-09-28,Newcastle,True,0.61,2.04
20250929_E0_Everton_WestHam,2025,2025-09-29,Everton,True,0.74,1.17
20250929_E0_Everton_WestHam,2025,2025-09-29,West Ham,False,1.17,0.74
20251003_E0_Bournemouth_Fulham,2025,2025-10-03,Bournemouth,True,1.12,0.87
20251003_E0_Bournemouth_Fulham,2025,2025-10-03,Fulham,False,0.87,1.12
20251004_E0_Arsenal_WestHam,2025,2025-10-04,Arsenal,True,2.91,0.49
20251004_E0_Arsenal_WestHam,2025,2025-10-04,West Ham,False,0.49,2.91
20251004_E0_Chelsea_Liverpool,2025,2025-10-04,Chelsea,True,1.0,1.95
20251004_E0_Chelsea_Liverpool,2025,2025-10-04,Liverpool,False,1.95,1.0
20251004_E0_Leeds_Tottenham,2025,2025-10-04,Leeds,True,1.73,0.54
20251004_E0_Leeds_Tottenham,2025,2025-10-04,Tottenham,False,0.54,1.73
20251004_E0_ManUnited_Sunderland,2025,2025-10-04,Man United,True,1.89,0.72
20251004_E0_ManUnited_Sunderland,2025,2025-10-04,Sunderland,False,0.72,1.89
20251005_E0_AstonVilla_Burnley,2025,2025-10-05,Aston Villa,True,1.38,0.42
20251005_E0_AstonVilla_Burnley,2025,2025-10-05,Burnley,False,0.42,1.38
20251005_E0_Brentford_ManCity,2025,2025-10-05,Brentford,True,0.83,0.84
20251005_E0_Brentford_ManCity,2025,2025-10-05,Man City,False,0.84,0.83
20251005_E0_Everton_CrystalPalace,2025,2025-10-05,Crystal Palace,False,1.71,2.14
20251005_E0_Everton_CrystalPalace,2025,2025-10-05,Everton,True,2.14,1.71
20251005_E0_Newcastle_NottmForest,2025,2025-10-05,Newcastle,True,3.27,0.29
20251005_E0_Newcastle_NottmForest,2025,2025-10-05,Nott'm Forest,False,0.29,3.27
20251005_E0_Wolves_Brighton,2025,2025-10-05,Brighton,False,1.18,0.55
20251005_E0_Wolves_Brighton,2025,2025-10-05,Wolves,True,0.55,1.18
20251018_E0_Brighton_Newcastle,2025,2025-10-18,Brighton,True,0.92,1.45
20251018_E0_Brighton_Newcastle,2025,2025-10-18,Newcastle,False,1.45,0.92
20251018_E0_Burnley_Leeds,2025,2025-10-18,Burnley,True,0.46,2.62
20251018_E0_Burnley_Leeds,2025,2025-10-18,Leeds,False,2.62,0.46
20251018_E0_CrystalPalace_Bournemouth,2025,2025-10-18,Bournemouth,False,2.02,4.48
20251018_E0_CrystalPalace_Bournemouth,2025,2025-10-18,Crystal Palace,True,4.48,2.02
20251018_E0_Fulham_Arsenal,2025,2025-10-18,Arsenal,False,1.91,0.44
20251018_E0_Fulham_Arsenal,2025,2025-10-18,Fulham,True,0.44,1.91
20251018_E0_ManCity_Everton,2025,2025-10-18,Everton,False,0.8,2.38
20251018_E0_ManCity_Everton,2025,2025-10-18,Man City,True,2.38,0.8
20251018_E0_NottmForest_Chelsea,2025,2025-10-18,Chelsea,False,1.67,2.36
20251018_E0_NottmForest_Chelsea,2025,2025-10-18,Nott'm Forest,True,2.36,1.67
20251018_E0_Sunderland_Wolves,2025,2025-10-18,Sunderland,True,0.64,0.84
20251018_E0_Sunderland_Wolves,2025,2025-10-18,Wolves,False,0.84,0.64
20251019_E0_Liverpool_ManUnited,2025,2025-10-19,Liverpool,True,2.75,1.35
20251019_E0_Liverpool_ManUnited,2025,2025-10-19,Man United,False,1.35,2.75
20251019_E0_Tottenham_AstonVilla,2025,2025-10-19,Aston Villa,False,0.31,0.74
20251019_E0_Tottenham_AstonVilla,2025,2025-10-19,Tottenham,True,0.74,0.31
20251020_E0_WestHam_Brentford,2025,2025-10-20,Brentford,False,2.31,0.34
20251020_E0_WestHam_Brentford,2025,2025-10-20,West Ham,True,0.34,2.31
20251024_E0_Leeds_WestHam,2025,2025-10-24,Leeds,True,1.53,0.65
20251024_E0_Leeds_WestHam,2025,2025-10-24,West Ham,False,0.65,1.53
20251025_E0_Brentford_Liverpool,2025,2025-10-25,Brentford,True,2.74,2.3
20251025_E0_Brentford_Liverpool,2025,2025-10-25,Liverpool,False,2.3,2.74
20251025_E0_Chelsea_Sunderland,2025,2025-10-25,Chelsea,True,0.9,1.31
20251025_E0_Chelsea_Sunderland,2025,2025-10-25,Sunderland,False,1.31,0.9
20251025_E0_ManUnited_Brighton,2025,2025-10-25,Brighton,False,1.12,1.29
20251025_E0_ManUnited_Brighton,2025,2025-10-25,Man United,True,1.29,1.12
20251025_E0_Newcastle_Fulham,2025,2025-10-25,Fulham,False,1.54,2.17
20251025_E0_Newcastle_Fulham,2025,2025-10-25,Newcastle,True,2.17,1.54
20251026_E0_Arsenal_CrystalPalace,2025,2025-10-26,Arsenal,True,1.15,0.47
20251026_E0_Arsenal_CrystalPalace,2025,2025-10-26,Crystal Palace,False,0.47,1.15
20251026_E0_AstonVilla_ManCity,2025,2025-10-26,Aston Villa,True,0.81,1.19
20251026_E0_AstonVilla_ManCity,2025,2025-10-26,Man City,False,1.19,0.81
20251026_E0_Bournemouth_NottmForest,2025,2025-10-26,Bournemouth,True,0.58,0.35
20251026_E0_Bournemouth_NottmForest,2025,2025-10-26,Nott'm Forest,False,0.35,0.58
20251026_E0_Everton_Tottenham,2025,2025-10-26,Everton,True,1.52,2.08
20251026_E0_Everton_Tottenham,2025,2025-10-26,Tottenham,False,2.08,1.52
20251026_E0_Wolves_Burnley,2025,2025-10-26,Burnley,False,1.43,2.52
20251026_E0_Wolves_Burnley,2025,2025-10-26,Wolves,True,2.52,1.43
20251101_E0_Brighton_Leeds,2025,2025-11-01,Brighton,True,3.07,0.5
20251101_E0_Brighton_Leeds,2025,2025-11-01,Leeds,False,0.5,3.07
20251101_E0_Burnley_Arsenal,2025,2025-11-01,Arsenal,False,2.42,0.41
20251101_E0_Burnley_Arsenal,2025,2025-11-01,Burnley,True,0.41,2.42
20251101_E0_CrystalPalace_Brentford,2025,2025-11-01,Brentford,False,0.54,0.7
20251101_E0_CrystalPalace_Brentford,2025,2025-11-01,Crystal Palace,True,0.7,0.54
20251101_E0_Fulham_Wolves,2025,2025-11-01,Fulham,True,1.41,0.24
20251101_E0_Fulham_Wolves,2025,2025-11-01,Wolves,False,0.24,1.41
20251101_E0_Liverpool_AstonVilla,2025,2025-11-01,Aston Villa,False,0.41,1.19
20251101_E0_Liverpool_AstonVilla,2025,2025-11-01,Liverpool,True,1.19,0.41
20251101_E0_NottmForest_ManUnited,2025,2025-11-01,Man United,False,1.12,1.92
20251101_E0_NottmForest_ManUnited,2025,2025-11-01,Nott'm Forest,True,1.92,1.12
20251101_E0_Tottenham_Chelsea,2025,2025-11-01,Chelsea,False,3.69,0.1
20251101_E0_Tottenham_Chelsea,2025,2025-11-01,Tottenham,True,0.1,3.69
20251102_E0_ManCity_Bournemouth,2025,2025-11-02,Bournemouth,False,0.72,2.22
20251102_E0_ManCity_Bournemouth,2025,2025-11-02,Man City,True,2.22,0.72
20251102_E0_WestHam_Newcastle,2025,2025-11-02,Newcastle,False,0.52,1.92
20251102_E0_WestHam_Newcastle,2025,2025-11-02,West Ham,True,1.92,0.52
20251103_E0_Sunderland_Everton,2025,2025-11-03,Everton,False,0.86,1.09
20251103_E0_Sunderland_Everton,2025,2025-11-03,Sunderland,True,1.09,0.86
20251108_E0_Chelsea_Wolves,2025,2025-11-08,Chelsea,True,3.33,0.17
20251108_E0_Chelsea_Wolves,2025,2025-11-08,Wolves,False,0.17,3.33
20251108_E0_Everton_Fulham,2025,2025-11-08,Everton,True,1.44,0.39
20251108_E0_Everton_Fulham,2025,2025-11-08,Fulham,False,0.39,1.44
20251108_E0_Sunderland_Arsenal,2025,2025-11-08,Arsenal,False,2.01,0.43
20251108_E0_Sunderland_Arsenal,2025,2025-11-08,Sunderland,True,0.43,2.01
20251108_E0_Tottenham_ManUnited,2025,2025-11-08,Man United,False,0.62,0.93
20251108_E0_Tottenham_ManUnited,2025,2025-11-08,Tottenham,True,0.93,0.62
20251108_E0_WestHam_Burnley,2025,2025-11-08,Burnley,False,1.06,3.05
20251108_E0_WestHam_Burnley,2025,2025-11-08,West Ham,True,3.05,1.06
20251109_E0_AstonVilla_Bournemouth,2025,2025-11-09,Aston Villa,True,1.7,1.62
20251109_E0_AstonVilla_Bournemouth,2025,2025-11-09,Bournemouth,False,1.62,1.7
20251109_E0_Brentford_Newcastle,2025,2025-11-09,Brentford,True,2.64,0.42
20251109_E0_Brentford_Newcastle,2025,2025-11-09,Newcastle,False,0.42,2.64
20251109_E0_CrystalPalace_Brighton,2025,2025-11-09,Brighton,False,0.38,0.75
20251109_E0_CrystalPalace_Brighton,2025,2025-11-09,Crystal Palace,True,0.75,0.38
20251109_E0_ManCity_Liverpool,2025,2025-11-09,Liverpool,False,0.72,1.6
20251109_E0_ManCity_Liverpool,2025,2025-11-09,Man City,True,1.6,0.72
20251109_E0_NottmForest_Leeds,2025,2025-11-09,Leeds,False,0.68,2.55
20251109_E0_NottmForest_Leeds,2025,2025-11-09,Nott'm Forest,True,2.55,0.68
20251122_E0_Bournemouth_WestHam,2025,2025-11-22,Bournemouth,True,4.09,0.64
20251122_E0_Bournemouth_WestHam,2025,2025-11-22,West Ham,False,0.64,4.09
20251122_E0_Brighton_Brentford,2025,2025-11-22,Brentford,False,1.91,1.22
20251122_E0_Brighton_Brentford,2025,2025-11-22,Brighton,True,1.22,1.91
20251122_E0_Burnley_Chelsea,2025,2025-11-22,Burnley,True,0.44,1.71
20251122_E0_Burnley_Chelsea,2025,2025-11-22,Chelsea,False,1.71,0.44
20251122_E0_Fulham_Sunderland,2025,2025-11-22,Fulham,True,2.16,0.17
20251122_E0_Fulham_Sunderland,2025,2025-11-22,Sunderland,False,0.17,2.16
20251122_E0_Liverpool_NottmForest,2025,2025-11-22,Liverpool,True,1.94,1.62
20251122_E0_Liverpool_NottmForest,2025,2025-11-22,Nott'm Forest,False,1.62,1.94
20251122_E0_Newcastle_ManCity,2025,2025-11-22,Man City,False,2.49,2.51
20251122_E0_Newcastle_ManCity,2025,2025-11-22,Newcastle,True,2.51,2.49
20251122_E0_Wolves_CrystalPalace,2025,2025-11-22,Crystal Palace,False,1.27,1.86
20251122_E0_Wolves_CrystalPalace,2025,2025-11-22,Wolves,True,1.86,1.27
20251123_E0_Arsenal_Tottenham,2025,2025-11-23,Arsenal,True,1.93,0.08
20251123_E0_Arsenal_Tottenham,2025,2025-11-23,Tottenham,False,0.08,1.93
20251123_E0_Leeds_AstonVilla,2025,2025-11-23,Aston Villa,False,1.57,1.96
20251123_E0_Leeds_AstonVilla,2025,2025-11-23,Leeds,True,1.96,1.57
20251124_E0_ManUnited_Everton,2025,2025-11-24,Everton,False,0.23,1.65
20251124_E0_ManUnited_Everton,2025,2025-11-24,Man United,True,1.65,0.23
20251129_E0_Brentford_Burnley,2025,2025-11-29,Brentford,True,3.05,0.96
20251129_E0_Brentford_Burnley,2025,2025-11-29,Burnley,False,0.96,3.05
20251129_E0_Everton_Newcastle,2025,2025-11-29,Everton,True,0.97,1.9
20251129_E0_Everton_Newcastle,2025,2025-11-29,Newcastle,False,1.9,0.97
20251129_E0_ManCity_Leeds,2025,2025-11-29,Leeds,False,1.53,3.09
20251129_E0_ManCity_Leeds,2025,2025-11-29,Man City,True,3.09,1.53
20251129_E0_Sunderland_Bournemouth,2025,2025-11-29,Bournemouth,False,1.85,1.28
20251129_E0_Sunderland_Bournemouth,2025,2025-11-29,Sunderland,True,1.28,1.85
20251129_E0_Tottenham_Fulham,2025,2025-11-29,Fulham,False,0.45,0.86
20251129_E0_Tottenham_Fulham,2025,2025-11-29,Tottenham,True,0.86,0.45
20251130_E0_AstonVilla_Wolves,2025,2025-11-30,Aston Villa,True,0.99,0.5
20251130_E0_AstonVilla_Wolves,2025,2025-11-30,Wolves,False,0.5,0.99
20251130_E0_Chelsea_Arsenal,2025,2025-11-30,Arsenal,False,1.25,0.81
20251130_E0_Chelsea_Arsenal,2025,2025-11-30,Chelsea,True,0.81,1.25
20251130_E0_CrystalPalace_ManUnited,2025,2025-11-30,Crystal Palace,True,1.84,1.35
20251130_E0_CrystalPalace_ManUnited,2025,2025-11-30,Man United,False,1.35,1.84
20251130_E0_NottmForest_Brighton,2025,2025-11-30,Brighton,False,1.53,0.71
20251130_E0_NottmForest_Brighton,2025,2025-11-30,Nott'm Forest,True,0.71,1.53
20251130_E0_WestHam_Liverpool,2025,2025-11-30,Liverpool,False,1.25,0.3
20251130_E0_WestHam_Liverpool,2025,2025-11-30,West Ham,True,0.3,1.25
20251202_E0_Bournemouth_Everton,2025,2025-12-02,Bournemouth,True,0.5,1.42
20251202_E0_Bournemouth_Everton,2025,2025-12-02,Everton,False,1.42,0.5
20251202_E0_Fulham_ManCity,2025,2025-12-02,Fulham,True,0.9,2.18
20251202_E0_Fulham_ManCity,2025,2025-12-02,Man City,False,2.18,0.9
20251202_E0_Newcastle_Tottenham,2025,2025-12-02,Newcastle,True,2.03,0.74
20251202_E0_Newcastle_Tottenham,2025,2025-12-02,Tottenham,False,0.74,2.03
20251203_E0_Arsenal_Brentford,2025,2025-12-03,Arsenal,True,1.8,0.35
20251203_E0_Arsenal_Brentford,2025,2025-12-03,Brentford,False,0.35,1.8
20251203_E0_Brighton_AstonVilla,2025,2025-12-03,Aston Villa,False,2.51,2.21
20251203_E0_Brighton_AstonVilla,2025,2025-12-03,Brighton,True,2.21,2.51
20251203_E0_Burnley_CrystalPalace,2025,2025-12-03,Burnley,True,0.96,0.59
20251203_E0_Burnley_CrystalPalace,2025,2025-12-03,Crystal Palace,False,0.59,0.96
20251203_E0_Leeds_Chelsea,2025,2025-12-03,Chelsea,False,0.96,2.79
20251203_E0_Leeds_Chelsea,2025,2025-12-03,Leeds,True,2.79,0.96
20251203_E0_Liverpool_Sunderland,2025,2025-12-03,Liverpool,True,1.44,0.41
20251203_E0_Liverpool_Sunderland,2025,2025-12-03,Sunderland,False,0.41,1.44
20251203_E0_Wolves_NottmForest,2025,2025-12-03,Nott'm Forest,False,0.74,0.92
20251203_E0_Wolves_NottmForest,2025,2025-12-03,Wolves,True,0.92,0.74
20251204_E0_ManUnited_WestHam,2025,2025-12-04,Man United,True,1.59,0.8
20251204_E0_ManUnited_WestHam,2025,2025-12-04,West Ham,False,0.8,1.59
20251206_E0_AstonVilla_Arsenal,2025,2025-12-06,Arsenal,False,1.92,2.27
20251206_E0_AstonVilla_Arsenal,2025,2025-12-06,Aston Villa,True,2.27,1.92
20251206_E0_Bournemouth_Chelsea,2025,2025-12-06,Bournemouth,True,1.42,0.92
20251206_E0_Bournemouth_Chelsea,2025,2025-12-06,Chelsea,False,0.92,1.42
20251206_E0_Everton_NottmForest,2025,2025-12-06,Everton,True,1.12,0.53
20251206_E0_Everton_NottmForest,2025,2025-12-06,Nott'm Forest,False,0.53,1.12
20251206_E0_Leeds_Liverpool,2025,2025-12-06,Leeds,True,1.51,1.91
20251206_E0_Leeds_Liverpool,2025,2025-12-06,Liverpool,False,1.91,1.51
20251206_E0_ManCity_Sunderland,2025,2025-12-06,Man City,True,2.42,0.72
20251206_E0_ManCity_Sunderland,2025,2025-12-06,Sunderland,False,0.72,2.42
20251206_E0_Newcastle_Burnley,2025,2025-12-06,Burnley,False,1.62,1.77
20251206_E0_Newcastle_Burnley,2025,2025-12-06,Newcastle,True,1.77,1.62
20251206_E0_Tottenham_Brentford,2025,2025-12-06,Brentford,False,0.28,2.17
20251206_E0_Tottenham_Brentford,2025,2025-12-06,Tottenham,True,2.17,0.28
20251207_E0_Brighton_WestHam,2025,2025-12-07,Brighton,True,1.87,1.16
20251207_E0_Brighton_WestHam,2025,2025-12-07,West Ham,False,1.16,1.87
20251207_E0_Fulham_CrystalPalace,2025,2025-12-07,Crystal Palace,False,1.65,0.76
20251207_E0_Fulham_CrystalPalace,2025,2025-12-07,Fulham,True,0.76,1.65
20251208_E0_Wolves_ManUnited,2025,2025-12-08,Man United,False,4.16,0.4
20251208_E0_Wolves_ManUnited,2025,2025-12-08,Wolves,True,0.4,4.16
20251213_E0_Arsenal_Wolves,2025,2025-12-13,Arsenal,True,1.11,0.37
20251213_E0_Arsenal_Wolves,2025,2025-12-13,Wolves,False,0.37,1.11
20251213_E0_Burnley_Fulham,2025,2025-12-13,Burnley,True,2.47,2.23
20251213_E0_Burnley_Fulham,2025,2025-12-13,Fulham,False,2.23,2.47
20251213_E0_Chelsea_Everton,2025,2025-12-13,Chelsea,True,2.19,1.04
20251213_E0_Chelsea_Everton,2025,2025-12-13,Everton,False,1.04,2.19
20251213_E0_Liverpool_Brighton,2025,2025-12-13,Brighton,False,1.91,1.88
20251213_E0_Liverpool_Brighton,2025,2025-12-13,Liverpool,True,1.88,1.91
20251214_E0_Brentford_Leeds,2025,2025-12-14,Brentford,True,0.72,1.51
20251214_E0_Brentford_Leeds,2025,2025-12-14,Leeds,False,1.51,0.72
20251214_E0_CrystalPalace_ManCity,2025,2025-12-14,Crystal Palace,True,1.89,1.19
20251214_E0_CrystalPalace_ManCity,2025,2025-12-14,Man City,False,1.19,1.89
20251214_E0_NottmForest_Tottenham,2025,2025-12-14,Nott'm Forest,True,2.34,0.33
20251214_E0_NottmForest_Tottenham,2025,2025-12-14,Tottenham,False,0.33,2.34
20251214_E0_Sunderland_Newcastle,2025,2025-12-14,Newcastle,False,0.24,0.3
20251214_E0_Sunderland_Newcastle,2025,2025-12-14,Sunderland,True,0.3,0.24
20251214_E0_WestHam_AstonVilla,2025,2025-12-14,Aston Villa,False,0.66,1.02
20251214_E0_WestHam_AstonVilla,2025,2025-12-14,West Ham,True,1.02,0.66
20251215_E0_ManUnited_Bournemouth,2025,2025-12-15,Bournemouth,False,1.93,3.3
20251215_E0_ManUnited_Bournemouth,2025,2025-12-15,Man United,True,3.3,1.93
20251220_E0_Bournemouth_Burnley,2025,2025-12-20,Bournemouth,True,1.41,0.38
20251220_E0_Bournemouth_Burnley,2025,2025-12-20,Burnley,False,0.38,1.41
20251220_E0_Brighton_Sunderland,2025,2025-12-20,Brighton,True,1.13,1.4
20251220_E0_Brighton_Sunderland,2025,2025-12-20,Sunderland,False,1.4,1.13
20251220_E0_Everton_Arsenal,2025,2025-12-20,Arsenal,False,2.13,0.21
20251220_E0_Everton_Arsenal,2025,2025-12-20,Everton,True,0.21,2.13
20251220_E0_Leeds_CrystalPalace,2025,2025-12-20,Crystal Palace,False,1.57,2.74
20251220_E0_Leeds_CrystalPalace,2025,2025-12-20,Leeds,True,2.74,1.57
20251220_E0_ManCity_WestHam,2025,2025-12-20,Man City,True,2.1,1.0
20251220_E0_ManCity_WestHam,2025,2025-12-20,West Ham,False,1.0,2.1
20251220_E0_Newcastle_Chelsea,2025,2025-12-20,Chelsea,False,1.22,2.49
20251220_E0_Newcastle_Chelsea,2025,2025-12-20,Newcastle,True,2.49,1.22
20251220_E0_Tottenham_Liverpool,2025,2025-12-20,Liverpool,False,0.67,1.06
20251220_E0_Tottenham_Liverpool,2025,2025-12-20,Tottenham,True,1.06,0.67
20251220_E0_Wolves_Brentford,2025,2025-12-20,Brentford,False,1.28,1.27
20251220_E0_Wolves_Brentford,2025,2025-12-20,Wolves,True,1.27,1.28
20251221_E0_AstonVilla_ManUnited,2025,2025-12-21,Aston Villa,True,1.57,1.34
20251221_E0_AstonVilla_ManUnited,2025,2025-12-21,Man United,False,1.34,1.57
20251222_E0_Fulham_NottmForest,2025,2025-12-22,Fulham,True,1.51,0.59
20251222_E0_Fulham_NottmForest,2025,2025-12-22,Nott'm Forest,False,0.59,1.51
20251226_E0_ManUnited_Newcastle,2025,2025-12-26,Man United,True,1.27,1.18
20251226_E0_ManUnited_Newcastle,2025,2025-12-26,Newcastle,False,1.18,1.27
20251227_E0_Arsenal_Brighton,2025,2025-12-27,Arsenal,True,3.26,0.85
20251227_E0_Arsenal_Brighton,2025,2025-12-27,Brighton,False,0.85,3.26
20251227_E0_Brentford_Bournemouth,2025,2025-12-27,Bournemouth,False,2.71,3.66
20251227_E0_Brentford_Bournemouth,2025,2025-12-27,Brentford,True,3.66,2.71
20251227_E0_Burnley_Everton,2025,2025-12-27,Burnley,True,1.41,0.84
20251227_E0_Burnley_Everton,2025,2025-12-27,Everton,False,0.84,1.41
20251227_E0_Chelsea_AstonVilla,2025,2025-12-27,Aston Villa,False,1.2,2.14
20251227_E0_Chelsea_AstonVilla,2025,2025-12-27,Chelsea,True,2.14,1.2
20251227_E0_Liverpool_Wolves,2025,2025-12-27,Liverpool,True,1.54,1.18
20251227_E0_Liverpool_Wolves,2025,2025-12-27,Wolves,False,1.18,1.54
20251227_E0_NottmForest_ManCity,2025,2025-12-27,Man City,False,1.45,0.57
20251227_E0_NottmForest_ManCity,2025,2025-12-27,Nott'm Forest,True,0.57,1.45
20251227_E0_WestHam_Fulham,2025,2025-12-27,Fulham,False,1.63,0.9
20251227_E0_WestHam_Fulham,2025,2025-12-27,West Ham,True,0.9,1.63
20251228_E0_CrystalPalace_Tottenham,2025,2025-12-28,Crystal Palace,True,1.32,0.83
20251228_E0_CrystalPalace_Tottenham,2025,2025-12-28,Tottenham,False,0.83,1.32
20251228_E0_Sunderland_Leeds,2025,2025-12-28,Leeds,False,2.18,0.71
20251228_E0_Sunderland_Leeds,2025,2025-12-28,Sunderland,True,0.71,2.18
20251230_E0_Arsenal_AstonVilla,2025,2025-12-30,Arsenal,True,3.04,3.54
20251230_E0_Arsenal_AstonVilla,2025,2025-12-30,Aston Villa,False,3.54,3.04
20251230_E0_Burnley_Newcastle,2025,2025-12-30,Burnley,True,1.1,2.68
20251230_E0_Burnley_Newcastle,2025,2025-12-30,Newcastle,False,2.68,1.1
20251230_E0_Chelsea_Bournemouth,2025,2025-12-30,Bournemouth,False,3.14,2.3
20251230_E0_Chelsea_Bournemouth,2025,2025-12-30,Chelsea,True,2.3,3.14
20251230_E0_ManUnited_Wolves,2025,2025-12-30,Man United,True,0.84,1.29
20251230_E0_ManUnited_Wolves,2025,2025-12-30,Wolves,False,1.29,0.84
20251230_E0_NottmForest_Everton,2025,2025-12-30,Everton,False,1.26,1.55
20251230_E0_NottmForest_Everton,2025,2025-12-30,Nott'm Forest,True,1.55,1.26
20251230_E0_WestHam_Brighton,2025,2025-12-30,Brighton,False,2.94,2.05
20251230_E0_WestHam_Brighton,2025,2025-12-30,West Ham,True,2.05,2.94
20260101_E0_Brentford_Tottenham,2025,2026-01-01,Brentford,True,0.83,1.0
20260101_E0_Brentford_Tottenham,2025,2026-01-01,Tottenham,False,1.0,0.83
20260101_E0_CrystalPalace_Fulham,2025,2026-01-01,Crystal Palace,True,1.62,1.9
20260101_E0_CrystalPalace_Fulham,2025,2026-01-01,Fulham,False,1.9,1.62
20260101_E0_Liverpool_Leeds,2025,2026-01-01,Leeds,False,0.68,1.99
20260101_E0_Liverpool_Leeds,2025,2026-01-01,Liverpool,True,1.99,0.68
20260101_E0_Sunderland_ManCity,2025,2026-01-01,Man City,False,2.25,0.81
20260101_E0_Sunderland_ManCity,2025,2026-01-01,Sunderland,True,0.81,2.25
20260103_E0_AstonVilla_NottmForest,2025,2026-01-03,Aston Villa,True,1.6,0.88
20260103_E0_AstonVilla_NottmForest,2025,2026-01-03,Nott'm Forest,False,0.88,1.6
20260103_E0_Bournemouth_Arsenal,2025,2026-01-03,Arsenal,False,1.13,1.43
20260103_E0_Bournemouth_Arsenal,2025,2026-01-03,Bournemouth,True,1.43,1.13
20260103_E0_Brighton_Burnley,2025,2026-01-03,Brighton,True,1.45,0.31
20260103_E0_Brighton_Burnley,2025,2026-01-03,Burnley,False,0.31,1.45
20260103_E0_Wolves_WestHam,2025,2026-01-03,West Ham,False,0.25,1.87
20260103_E0_Wolves_WestHam,2025,2026-01-03,Wolves,True,1.87,0.25
20260104_E0_Everton_Brentford,2025,2026-01-04,Brentford,False,2.4,0.85
20260104_E0_Everton_Brentford,2025,2026-01-04,Everton,True,0.85,2.4
20260104_E0_Fulham_Liverpool,2025,2026-01-04,Fulham,True,0.75,1.36
20260104_E0_Fulham_Liverpool,2025,2026-01-04,Liverpool,False,1.36,0.75
20260104_E0_Leeds_ManUnited,2025,2026-01-04,Leeds,True,0.9,1.58
20260104_E0_Leeds_ManUnited,2025,2026-01-04,Man United,False,1.58,0.9
20260104_E0_ManCity_Chelsea,2025,2026-01-04,Chelsea,False,1.74,0.98
20260104_E0_ManCity_Chelsea,2025,2026-01-04,Man City,True,0.98,1.74
20260104_E0_Newcastle_CrystalPalace,2025,2026-01-04,Crystal Palace,False,0.7,2.25
20260104_E0_Newcastle_CrystalPalace,2025,2026-01-04,Newcastle,True,2.25,0.7
20260104_E0_Tottenham_Sunderland,2025,2026-01-04,Sunderland,False,0.48,1.19
20260104_E0_Tottenham_Sunderland,2025,2026-01-04,Tottenham,True,1.19,0.48
20260106_E0_WestHam_NottmForest,2025,2026-01-06,Nott'm Forest,False,1.38,0.95
20260106_E0_WestHam_NottmForest,2025,2026-01-06,West Ham,True,0.95,1.38
20260107_E0_Bournemouth_Tottenham,2025,2026-01-07,Bournemouth,True,1.28,1.24
20260107_E0_Bournemouth_Tottenham,2025,2026-01-07,Tottenham,False,1.24,1.28
20260107_E0_Brentford_Sunderland,2025,2026-01-07,Brentford,True,3.24,1.72
20260107_E0_Brentford_Sunderland,2025,2026-01-07,Sunderland,False,1.72,3.24
20260107_E0_Burnley_ManUnited,2025,2026-01-07,Burnley,True,0.24,2.54
20260107_E0_Burnley_ManUnited,2025,2026-01-07,Man United,False,2.54,0.24
20260107_E0_CrystalPalace_AstonVilla,2025,2026-01-07,Aston Villa,False,1.75,1.51
20260107_E0_CrystalPalace_AstonVilla,2025,2026-01-07,Crystal Palace,True,1.51,1.75
20260107_E0_Everton_Wolves,2025,2026-01-07,Everton,True,0.89,0.72
20260107_E0_Everton_Wolves,2025,2026-01-07,Wolves,False,0.72,0.89
20260107_E0_Fulham_Chelsea,2025,2026-01-07,Chelsea,False,2.52,1.19
20260107_E0_Fulham_Chelsea,2025,2026-01-07,Fulham,True,1.19,2.52
20260107_E0_ManCity_Brighton,2025,2026-01-07,Brighton,False,1.16,2.56
20260107_E0_ManCity_Brighton,2025,2026-01-07,Man City,True,2.56,1.16
20260107_E0_Newcastle_Leeds,2025,2026-01-07,Leeds,False,1.89,2.46
20260107_E0_Newcastle_Leeds,2025,2026-01-07,Newcastle,True,2.46,1.89
20260108_E0_Arsenal_Liverpool,2025,2026-01-08,Arsenal,True,0.58,0.36
20260108_E0_Arsenal_Liverpool,2025,2026-01-08,Liverpool,False,0.36,0.58
20260117_E0_Chelsea_Brentford,2025,2026-01-17,Brentford,False,1.53,1.59
20260117_E0_Chelsea_Brentford,2025,2026-01-17,Chelsea,True,1.59,1.53
20260117_E0_Leeds_Fulham,2025,2026-01-17,Fulham,False,0.38,1.43
20260117_E0_Leeds_Fulham,2025,2026-01-17,Leeds,True,1.43,0.38
20260117_E0_Liverpool_Burnley,2025,2026-01-17,Burnley,False,0.4,3.19
20260117_E0_Liverpool_Burnley,2025,2026-01-17,Liverpool,True,3.19,0.4
20260117_E0_ManUnited_ManCity,2025,2026-01-17,Man City,False,0.45,2.29
20260117_E0_ManUnited_ManCity,2025,2026-01-17,Man United,True,2.29,0.45
20260117_E0_NottmForest_Arsenal,2025,2026-01-17,Arsenal,False,2.1,0.34
20260117_E0_NottmForest_Arsenal,2025,2026-01-17,Nott'm Forest,True,0.34,2.1
20260117_E0_Sunderland_CrystalPalace,2025,2026-01-17,Crystal Palace,False,0.62,1.83
20260117_E0_Sunderland_CrystalPalace,2025,2026-01-17,Sunderland,True,1.83,0.62
20260117_E0_Tottenham_WestHam,2025,2026-01-17,Tottenham,True,1.49,2.7
20260117_E0_Tottenham_WestHam,2025,2026-01-17,West Ham,False,2.7,1.49
20260118_E0_AstonVilla_Everton,2025,2026-01-18,Aston Villa,True,1.45,0.52
20260118_E0_AstonVilla_Everton,2025,2026-01-18,Everton,False,0.52,1.45
20260118_E0_Wolves_Newcastle,2025,2026-01-18,Newcastle,False,0.95,0.28
20260118_E0_Wolves_Newcastle,2025,2026-01-18,Wolves,True,0.28,0.95
20260119_E0_Brighton_Bournemouth,2025,2026-01-19,Bournemouth,False,1.34,1.06
20260119_E0_Brighton_Bournemouth,2025,2026-01-19,Brighton,True,1.06,1.34
20260124_E0_Bournemouth_Liverpool,2025,2026-01-24,Bournemouth,True,2.34,0.92
20260124_E0_Bournemouth_Liverpool,2025,2026-01-24,Liverpool,False,0.92,2.34
20260124_E0_Burnley_Tottenham,2025,2026-01-24,Burnley,True,1.44,2.06
20260124_E0_Burnley_Tottenham,2025,2026-01-24,Tottenham,False,2.06,1.44
20260124_E0_Fulham_Brighton,2025,2026-01-24,Brighton,False,1.68,1.06
20260124_E0_Fulham_Brighton,2025,2026-01-24,Fulham,True,1.06,1.68
20260124_E0_ManCity_Wolves,2025,2026-01-24,Man City,True,0.86,0.6
20260124_E0_ManCity_Wolves,2025,2026-01-24,Wolves,False,0.6,0.86
20260124_E0_WestHam_Sunderland,2025,2026-01-24,Sunderland,False,0.67,1.53
20260124_E0_WestHam_Sunderland,2025,2026-01-24,West Ham,True,1.53,0.67
20260125_E0_Arsenal_ManUnited,2025,2026-01-25,Arsenal,True,1.2,0.7
20260125_E0_Arsenal_ManUnited,2025,2026-01-25,Man United,False,0.7,1.2
20260125_E0_Brentford_NottmForest,2025,2026-01-25,Brentford,True,1.79,0.77
20260125_E0_Brentford_NottmForest,2025,2026-01-25,Nott'm Forest,False,0.77,1.79
20260125_E0_CrystalPalace_Chelsea,2025,2026-01-25,Chelsea,False,2.2,1.79
20260125_E0_CrystalPalace_Chelsea,2025,2026-01-25,Crystal Palace,True,1.79,2.2
20260125_E0_Newcastle_AstonVilla,2025,2026-01-25,Aston Villa,False,1.16,2.17
20260125_E0_Newcastle_AstonVilla,2025,2026-01-25,Newcastle,True,2.17,1.16
20260126_E0_Everton_Leeds,2025,2026-01-26,Everton,True,0.6,1.24
20260126_E0_Everton_Leeds,2025,2026-01-26,Leeds,False,1.24,0.6
20260131_E0_Brighton_Everton,2025,2026-01-31,Brighton,True,1.45,1.25
20260131_E0_Brighton_Everton,2025,2026-01-31,Everton,False,1.25,1.45
20260131_E0_Chelsea_WestHam,2025,2026-01-31,Chelsea,True,3.25,1.11
20260131_E0_Chelsea_WestHam,2025,2026-01-31,West Ham,False,1.11,3.25
20260131_E0_Leeds_Arsenal,2025,2026-01-31,Arsenal,False,2.2,0.15
20260131_E0_Leeds_Arsenal,2025,2026-01-31,Leeds,True,0.15,2.2
20260131_E0_Liverpool_Newcastle,2025,2026-01-31,Liverpool,True,2.29,0.36
20260131_E0_Liverpool_Newcastle,2025,2026-01-31,Newcastle,False,0.36,2.29
20260131_E0_Wolves_Bournemouth,2025,2026-01-31,Bournemouth,False,1.36,1.38
20260131_E0_Wolves_Bournemouth,2025,2026-01-31,Wolves,True,1.38,1.36
20260201_E0_AstonVilla_Brentford,2025,2026-02-01,Aston Villa,True,2.43,0.37
20260201_E0_AstonVilla_Brentford,2025,2026-02-01,Brentford,False,0.37,2.43
20260201_E0_ManUnited_Fulham,2025,2026-02-01,Fulham,False,1.94,1.8
20260201_E0_ManUnited_Fulham,2025,2026-02-01,Man United,True,1.8,1.94
20260201_E0_NottmForest_CrystalPalace,2025,2026-02-01,Crystal Palace,False,1.9,0.48
20260201_E0_NottmForest_CrystalPalace,2025,2026-02-01,Nott'm Forest,True,0.48,1.9
20260201_E0_Tottenham_ManCity,2025,2026-02-01,Man City,False,2.08,1.05
20260201_E0_Tottenham_ManCity,2025,2026-02-01,Tottenham,True,1.05,2.08
20260202_E0_Sunderland_Burnley,2025,2026-02-02,Burnley,False,0.06,1.51
20260202_E0_Sunderland_Burnley,2025,2026-02-02,Sunderland,True,1.51,0.06
20260206_E0_Leeds_NottmForest,2025,2026-02-06,Leeds,True,2.52,1.35
20260206_E0_Leeds_NottmForest,2025,2026-02-06,Nott'm Forest,False,1.35,2.52
20260207_E0_Arsenal_Sunderland,2025,2026-02-07,Arsenal,True,1.49,0.18
20260207_E0_Arsenal_Sunderland,2025,2026-02-07,Sunderland,False,0.18,1.49
20260207_E0_Bournemouth_AstonVilla,2025,2026-02-07,Aston Villa,False,0.43,2.08
20260207_E0_Bournemouth_AstonVilla,2025,2026-02-07,Bournemouth,True,2.08,0.43
20260207_E0_Burnley_WestHam,2025,2026-02-07,Burnley,True,1.36,1.03
20260207_E0_Burnley_WestHam,2025,2026-02-07,West Ham,False,1.03,1.36
20260207_E0_Fulham_Everton,2025,2026-02-07,Everton,False,1.88,1.97
20260207_E0_Fulham_Everton,2025,2026-02-07,Fulham,True,1.97,1.88
20260207_E0_ManUnited_Tottenham,2025,2026-02-07,Man United,True,1.78,0.49
20260207_E0_ManUnited_Tottenham,2025,2026-02-07,Tottenham,False,0.49,1.78
20260207_E0_Newcastle_Brentford,2025,2026-02-07,Brentford,False,1.79,2.24
20260207_E0_Newcastle_Brentford,2025,2026-02-07,Newcastle,True,2.24,1.79
20260207_E0_Wolves_Chelsea,2025,2026-02-07,Chelsea,False,3.43,1.05
20260207_E0_Wolves_Chelsea,2025,2026-02-07,Wolves,True,1.05,3.43
20260208_E0_Brighton_CrystalPalace,2025,2026-02-08,Brighton,True,0.86,1.17
20260208_E0_Brighton_CrystalPalace,2025,2026-02-08,Crystal Palace,False,1.17,0.86
20260208_E0_Liverpool_ManCity,2025,2026-02-08,Liverpool,True,1.2,2.92
20260208_E0_Liverpool_ManCity,2025,2026-02-08,Man City,False,2.92,1.2
20260210_E0_Chelsea_Leeds,2025,2026-02-10,Chelsea,True,3.13,1.44
20260210_E0_Chelsea_Leeds,2025,2026-02-10,Leeds,False,1.44,3.13
20260210_E0_Everton_Bournemouth,2025,2026-02-10,Bournemouth,False,1.35,2.96
20260210_E0_Everton_Bournemouth,2025,2026-02-10,Everton,True,2.96,1.35
20260210_E0_Tottenham_Newcastle,2025,2026-02-10,Newcastle,False,2.5,1.85
20260210_E0_Tottenham_Newcastle,2025,2026-02-10,Tottenham,True,1.85,2.5
20260210_E0_WestHam_ManUnited,2025,2026-02-10,Man United,False,0.57,1.09
20260210_E0_WestHam_ManUnited,2025,2026-02-10,West Ham,True,1.09,0.57
20260211_E0_AstonVilla_Brighton,2025,2026-02-11,Aston Villa,True,0.74,0.51
20260211_E0_AstonVilla_Brighton,2025,2026-02-11,Brighton,False,0.51,0.74
20260211_E0_CrystalPalace_Burnley,2025,2026-02-11,Burnley,False,0.54,1.78
20260211_E0_CrystalPalace_Burnley,2025,2026-02-11,Crystal Palace,True,1.78,0.54
20260211_E0_ManCity_Fulham,2025,2026-02-11,Fulham,False,1.43,1.38
20260211_E0_ManCity_Fulham,2025,2026-02-11,Man City,True,1.38,1.43
20260211_E0_NottmForest_Wolves,2025,2026-02-11,Nott'm Forest,True,2.67,0.43
20260211_E0_NottmForest_Wolves,2025,2026-02-11,Wolves,False,0.43,2.67
20260211_E0_Sunderland_Liverpool,2025,2026-02-11,Liverpool,False,2.52,0.61
20260211_E0_Sunderland_Liverpool,2025,2026-02-11,Sunderland,True,0.61,2.52
20260212_E0_Brentford_Arsenal,2025,2026-02-12,Arsenal,False,0.59,1.5
20260212_E0_Brentford_Arsenal,2025,2026-02-12,Brentford,True,1.5,0.59
20260218_E0_Wolves_Arsenal,2025,2026-02-18,Arsenal,False,1.87,0.3
20260218_E0_Wolves_Arsenal,2025,2026-02-18,Wolves,True,0.3,1.87
20260221_E0_AstonVilla_Leeds,2025,2026-02-21,Aston Villa,True,1.46,1.35
20260221_E0_AstonVilla_Leeds,2025,2026-02-21,Leeds,False,1.35,1.46
20260221_E0_Brentford_Brighton,2025,2026-02-21,Brentford,True,1.6,1.09
20260221_E0_Brentford_Brighton,2025,2026-02-21,Brighton,False,1.09,1.6
20260221_E0_Chelsea_Burnley,2025,2026-02-21,Burnley,False,0.85,2.0
20260221_E0_Chelsea_Burnley,2025,2026-02-21,Chelsea,True,2.0,0.85
20260221_E0_ManCity_Newcastle,2025,2026-02-21,Man City,True,1.35,0.61
20260221_E0_ManCity_Newcastle,2025,2026-02-21,Newcastle,False,0.61,1.35
20260221_E0_WestHam_Bournemouth,2025,2026-02-21,Bournemouth,False,0.66,3.27
20260221_E0_WestHam_Bournemouth,2025,2026-02-21,West Ham,True,3.27,0.66
20260222_E0_CrystalPalace_Wolves,2025,2026-02-22,Crystal Palace,True,1.99,1.63
20260222_E0_CrystalPalace_Wolves,2025,2026-02-22,Wolves,False,1.63,1.99
20260222_E0_NottmForest_Liverpool,2025,2026-02-22,Liverpool,False,1.81,1.18
20260222_E0_NottmForest_Liverpool,2025,2026-02-22,Nott'm Forest,True,1.18,1.81
20260222_E0_Sunderland_Fulham,2025,2026-02-22,Fulham,False,1.88,1.85
20260222_E0_Sunderland_Fulham,2025,2026-02-22,Sunderland,True,1.85,1.88
20260222_E0_Tottenham_Arsenal,2025,2026-02-22,Arsenal,False,2.06,0.76
20260222_E0_Tottenham_Arsenal,2025,2026-02-22,Tottenham,True,0.76,2.06
20260223_E0_Everton_ManUnited,2025,2026-02-23,Everton,True,0.63,1.26
20260223_E0_Everton_ManUnited,2025,2026-02-23,Man United,False,1.26,0.63
20260227_E0_Wolves_AstonVilla,2025,2026-02-27,Aston Villa,False,1.04,0.86
20260227_E0_Wolves_AstonVilla,2025,2026-02-27,Wolves,True,0.86,1.04
20260228_E0_Bournemouth_Sunderland,2025,2026-02-28,Bournemouth,True,1.69,1.45
20260228_E0_Bournemouth_Sunderland,2025,2026-02-28,Sunderland,False,1.45,1.69
20260228_E0_Burnley_Brentford,2025,2026-02-28,Brentford,False,2.34,0.97
20260228_E0_Burnley_Brentford,2025,2026-02-28,Burnley,True,0.97,2.34
20260228_E0_Leeds_ManCity,2025,2026-02-28,Leeds,True,1.49,2.0
20260228_E0_Leeds_ManCity,2025,2026-02-28,Man City,False,2.0,1.49
20260228_E0_Liverpool_WestHam,2025,2026-02-28,Liverpool,True,1.84,1.86
20260228_E0_Liverpool_WestHam,2025,2026-02-28,West Ham,False,1.86,1.84
20260228_E0_Newcastle_Everton,2025,2026-02-28,Everton,False,2.15,1.03
20260228_E0_Newcastle_Everton,2025,2026-02-28,Newcastle,True,1.03,2.15
20260301_E0_Arsenal_Chelsea,2025,2026-03-01,Arsenal,True,1.13,1.05
20260301_E0_Arsenal_Chelsea,2025,2026-03-01,Chelsea,False,1.05,1.13
20260301_E0_Brighton_NottmForest,2025,2026-03-01,Brighton,True,1.31,0.93
20260301_E0_Brighton_NottmForest,2025,2026-03-01,Nott'm Forest,False,0.93,1.31
20260301_E0_Fulham_Tottenham,2025,2026-03-01,Fulham,True,2.14,0.87
20260301_E0_Fulham_Tottenham,2025,2026-03-01,Tottenham,False,0.87,2.14
20260301_E0_ManUnited_CrystalPalace,2025,2026-03-01,Crystal Palace,False,0.38,2.05
20260301_E0_ManUnited_CrystalPalace,2025,2026-03-01,Man United,True,2.05,0.38
20260303_E0_Bournemouth_Brentford,2025,2026-03-03,Bournemouth,True,1.92,0.39
20260303_E0_Bournemouth_Brentford,2025,2026-03-03,Brentford,False,0.39,1.92
20260303_E0_Everton_Burnley,2025,2026-03-03,Burnley,False,0.79,1.3
20260303_E0_Everton_Burnley,2025,2026-03-03,Everton,True,1.3,0.79
20260303_E0_Leeds_Sunderland,2025,2026-03-03,Leeds,True,1.14,0.86
20260303_E0_Leeds_Sunderland,2025,2026-03-03,Sunderland,False,0.86,1.14
20260303_E0_Wolves_Liverpool,2025,2026-03-03,Liverpool,False,1.85,0.44
20260303_E0_Wolves_Liverpool,2025,2026-03-03,Wolves,True,0.44,1.85
20260304_E0_AstonVilla_Chelsea,2025,2026-03-04,Aston Villa,True,0.78,3.59
20260304_E0_AstonVilla_Chelsea,2025,2026-03-04,Chelsea,False,3.59,0.78
20260304_E0_Brighton_Arsenal,2025,2026-03-04,Arsenal,False,0.46,0.81
20260304_E0_Brighton_Arsenal,2025,2026-03-04,Brighton,True,0.81,0.46
20260304_E0_Fulham_WestHam,2025,2026-03-04,Fulham,True,0.88,1.09
20260304_E0_Fulham_WestHam,2025,2026-03-04,West Ham,False,1.09,0.88
20260304_E0_ManCity_NottmForest,2025,2026-03-04,Man City,True,2.11,0.97
20260304_E0_ManCity_NottmForest,2025,2026-03-04,Nott'm Forest,False,0.97,2.11
20260304_E0_Newcastle_ManUnited,2025,2026-03-04,Man United,False,1.49,2.49
20260304_E0_Newcastle_ManUnited,2025,2026-03-04,Newcastle,True,2.49,1.49
20260305_E0_Tottenham_CrystalPalace,2025,2026-03-05,Crystal Palace,False,1.78,1.59
20260305_E0_Tottenham_CrystalPalace,2025,2026-03-05,Tottenham,True,1.59,1.78
20260314_E0_Arsenal_Everton,2025,2026-03-14,Arsenal,True,2.72,1.07
20260314_E0_Arsenal_Everton,2025,2026-03-14,Everton,False,1.07,2.72
20260314_E0_Burnley_Bournemouth,2025,2026-03-14,Bournemouth,False,2.56,1.41
20260314_E0_Burnley_Bournemouth,2025,2026-03-14,Burnley,True,1.41,2.56
20260314_E0_Chelsea_Newcastle,2025,2026-03-14,Chelsea,True,1.39,1.4
20260314_E0_Chelsea_Newcastle,2025,2026-03-14,Newcastle,False,1.4,1.39
20260314_E0_Sunderland_Brighton,2025,2026-03-14,Brighton,False,1.69,0.91
20260314_E0_Sunderland_Brighton,2025,2026-03-14,Sunderland,True,0.91,1.69
20260314_E0_WestHam_ManCity,2025,2026-03-14,Man City,False,2.04,0.54
20260314_E0_WestHam_ManCity,2025,2026-03-14,West Ham,True,0.54,2.04
20260315_E0_CrystalPalace_Leeds,2025,2026-03-15,Crystal Palace,True,0.68,1.12
20260315_E0_CrystalPalace_Leeds,2025,2026-03-15,Leeds,False,1.12,0.68
20260315_E0_Liverpool_Tottenham,2025,2026-03-15,Liverpool,True,1.69,1.18
20260315_E0_Liverpool_Tottenham,2025,2026-03-15,Tottenham,False,1.18,1.69
20260315_E0_ManUnited_AstonVilla,2025,2026-03-15,Aston Villa,False,1.0,1.09
20260315_E0_ManUnited_AstonVilla,2025,2026-03-15,Man United,True,1.09,1.0
20260315_E0_NottmForest_Fulham,2025,2026-03-15,Fulham,False,1.04,0.94
20260315_E0_NottmForest_Fulham,2025,2026-03-15,Nott'm Forest,True,0.94,1.04
20260316_E0_Brentford_Wolves,2025,2026-03-16,Brentford,True,2.56,1.39
20260316_E0_Brentford_Wolves,2025,2026-03-16,Wolves,False,1.39,2.56
20260320_E0_Bournemouth_ManUnited,2025,2026-03-20,Bournemouth,True,1.83,1.77
20260320_E0_Bournemouth_ManUnited,2025,2026-03-20,Man United,False,1.77,1.83
20260321_E0_Brighton_Liverpool,2025,2026-03-21,Brighton,True,2.17,1.03
20260321_E0_Brighton_Liverpool,2025,2026-03-21,Liverpool,False,1.03,2.17
20260321_E0_Everton_Chelsea,2025,2026-03-21,Chelsea,False,0.93,1.17
20260321_E0_Everton_Chelsea,2025,2026-03-21,Everton,True,1.17,0.93
20260321_E0_Fulham_Burnley,2025,2026-03-21,Burnley,False,1.24,3.22
20260321_E0_Fulham_Burnley,2025,2026-03-21,Fulham,True,3.22,1.24
20260321_E0_Leeds_Brentford,2025,2026-03-21,Brentford,False,0.46,0.53
20260321_E0_Leeds_Brentford,2025,2026-03-21,Leeds,True,0.53,0.46
20260322_E0_AstonVilla_WestHam,2025,2026-03-22,Aston Villa,True,1.72,0.93
20260322_E0_AstonVilla_WestHam,2025,2026-03-22,West Ham,False,0.93,1.72
20260322_E0_Newcastle_Sunderland,2025,2026-03-22,Newcastle,True,1.27,2.53
20260322_E0_Newcastle_Sunderland,2025,2026-03-22,Sunderland,False,2.53,1.27
20260322_E0_Tottenham_NottmForest,2025,2026-03-22,Nott'm Forest,False,1.49,1.15
20260322_E0_Tottenham_NottmForest,2025,2026-03-22,Tottenham,True,1.15,1.49
20260410_E0_WestHam_Wolves,2025,2026-04-10,West Ham,True,2.34,0.57
20260410_E0_WestHam_Wolves,2025,2026-04-10,Wolves,False,0.57,2.34
20260411_E0_Arsenal_Bournemouth,2025,2026-04-11,Arsenal,True,2.31,1.19
20260411_E0_Arsenal_Bournemouth,2025,2026-04-11,Bournemouth,False,1.19,2.31
20260411_E0_Brentford_Everton,2025,2026-04-11,Brentford,True,2.88,1.54
20260411_E0_Brentford_Everton,2025,2026-04-11,Everton,False,1.54,2.88
20260411_E0_Burnley_Brighton,2025,2026-04-11,Brighton,False,1.93,0.88
20260411_E0_Burnley_Brighton,2025,2026-04-11,Burnley,True,0.88,1.93
20260411_E0_Liverpool_Fulham,2025,2026-04-11,Fulham,False,1.05,1.59
20260411_E0_Liverpool_Fulham,2025,2026-04-11,Liverpool,True,1.59,1.05
20260412_E0_Chelsea_ManCity,2025,2026-04-12,Chelsea,True,1.13,2.29
20260412_E0_Chelsea_ManCity,2025,2026-04-12,Man City,False,2.29,1.13
20260412_E0_CrystalPalace_Newcastle,2025,2026-04-12,Crystal Palace,True,2.58,1.14
20260412_E0_CrystalPalace_Newcastle,2025,2026-04-12,Newcastle,False,1.14,2.58
20260412_E0_NottmForest_AstonVilla,2025,2026-04-12,Aston Villa,False,1.03,1.15
20260412_E0_NottmForest_AstonVilla,2025,2026-04-12,Nott'm Forest,True,1.15,1.03
20260412_E0_Sunderland_Tottenham,2025,2026-04-12,Sunderland,True,1.33,0.84
20260412_E0_Sunderland_Tottenham,2025,2026-04-12,Tottenham,False,0.84,1.33
20260413_E0_ManUnited_Leeds,2025,2026-04-13,Leeds,False,2.39,1.32
20260413_E0_ManUnited_Leeds,2025,2026-04-13,Man United,True,1.32,2.39
20260418_E0_Brentford_Fulham,2025,2026-04-18,Brentford,True,1.43,0.76
20260418_E0_Brentford_Fulham,2025,2026-04-18,Fulham,False,0.76,1.43
20260418_E0_Chelsea_ManUnited,2025,2026-04-18,Chelsea,True,1.56,0.29
20260418_E0_Chelsea_ManUnited,2025,2026-04-18,Man United,False,0.29,1.56
20260418_E0_Leeds_Wolves,2025,2026-04-18,Leeds,True,2.84,0.57
20260418_E0_Leeds_Wolves,2025,2026-04-18,Wolves,False,0.57,2.84
20260418_E0_Newcastle_Bournemouth,2025,2026-04-18,Bournemouth,False,2.99,1.6
20260418_E0_Newcastle_Bournemouth,2025,2026-04-18,Newcastle,True,1.6,2.99
20260418_E0_Tottenham_Brighton,2025,2026-04-18,Brighton,False,0.81,1.14
20260418_E0_Tottenham_Brighton,2025,2026-04-18,Tottenham,True,1.14,0.81
20260419_E0_AstonVilla_Sunderland,2025,2026-04-19,Aston Villa,True,2.85,1.71
20260419_E0_AstonVilla_Sunderland,2025,2026-04-19,Sunderland,False,1.71,2.85
20260419_E0_Everton_Liverpool,2025,2026-04-19,Everton,True,0.79,1.45
20260419_E0_Everton_Liverpool,2025,2026-04-19,Liverpool,False,1.45,0.79
20260419_E0_ManCity_Arsenal,2025,2026-04-19,Arsenal,False,1.79,1.38
20260419_E0_ManCity_Arsenal,2025,2026-04-19,Man City,True,1.38,1.79
20260419_E0_NottmForest_Burnley,2025,2026-04-19,Burnley,False,0.36,1.19
20260419_E0_NottmForest_Burnley,2025,2026-04-19,Nott'm Forest,True,1.19,0.36
20260420_E0_CrystalPalace_WestHam,2025,2026-04-20,Crystal Palace,True,0.73,0.61
20260420_E0_CrystalPalace_WestHam,2025,2026-04-20,West Ham,False,0.61,0.73
20260421_E0_Brighton_Chelsea,2025,2026-04-21,Brighton,True,2.14,0.37
20260421_E0_Brighton_Chelsea,2025,2026-04-21,Chelsea,False,0.37,2.14
20260422_E0_Bournemouth_Leeds,2025,2026-04-22,Bournemouth,True,1.43,0.83
20260422_E0_Bournemouth_Leeds,2025,2026-04-22,Leeds,False,0.83,1.43
20260422_E0_Burnley_ManCity,2025,2026-04-22,Burnley,True,0.61,3.58
20260422_E0_Burnley_ManCity,2025,2026-04-22,Man City,False,3.58,0.61
20260424_E0_Sunderland_NottmForest,2025,2026-04-24,Nott'm Forest,False,1.11,0.72
20260424_E0_Sunderland_NottmForest,2025,2026-04-24,Sunderland,True,0.72,1.11
20260425_E0_Arsenal_Newcastle,2025,2026-04-25,Arsenal,True,0.49,1.0
20260425_E0_Arsenal_Newcastle,2025,2026-04-25,Newcastle,False,1.0,0.49
20260425_E0_Fulham_AstonVilla,2025,2026-04-25,Aston Villa,False,0.93,1.23
20260425_E0_Fulham_AstonVilla,2025,2026-04-25,Fulham,True,1.23,0.93
20260425_E0_Liverpool_CrystalPalace,2025,2026-04-25,Crystal Palace,False,2.27,1.13
20260425_E0_Liverpool_CrystalPalace,2025,2026-04-25,Liverpool,True,1.13,2.27
20260425_E0_WestHam_Everton,2025,2026-04-25,Everton,False,1.55,1.18
20260425_E0_WestHam_Everton,2025,2026-04-25,West Ham,True,1.18,1.55
20260425_E0_Wolves_Tottenham,2025,2026-04-25,Tottenham,False,0.93,0.71
20260425_E0_Wolves_Tottenham,2025,2026-04-25,Wolves,True,0.71,0.93
20260427_E0_ManUnited_Brentford,2025,2026-04-27,Brentford,False,1.43,1.28
20260427_E0_ManUnited_Brentford,2025,2026-04-27,Man United,True,1.28,1.43
20260501_E0_Leeds_Burnley,2025,2026-05-01,Burnley,False,0.57,1.64
20260501_E0_Leeds_Burnley,2025,2026-05-01,Leeds,True,1.64,0.57
20260502_E0_Arsenal_Fulham,2025,2026-05-02,Arsenal,True,3.27,0.38
20260502_E0_Arsenal_Fulham,2025,2026-05-02,Fulham,False,0.38,3.27
20260502_E0_Brentford_WestHam,2025,2026-05-02,Brentford,True,2.28,0.92
20260502_E0_Brentford_WestHam,2025,2026-05-02,West Ham,False,0.92,2.28
20260502_E0_Newcastle_Brighton,2025,2026-05-02,Brighton,False,1.52,3.16
20260502_E0_Newcastle_Brighton,2025,2026-05-02,Newcastle,True,3.16,1.52
20260502_E0_Wolves_Sunderland,2025,2026-05-02,Sunderland,False,0.66,1.74
20260502_E0_Wolves_Sunderland,2025,2026-05-02,Wolves,True,1.74,0.66
20260503_E0_AstonVilla_Tottenham,2025,2026-05-03,Aston Villa,True,0.33,0.98
20260503_E0_AstonVilla_Tottenham,2025,2026-05-03,Tottenham,False,0.98,0.33
20260503_E0_Bournemouth_CrystalPalace,2025,2026-05-03,Bournemouth,True,2.08,0.89
20260503_E0_Bournemouth_CrystalPalace,2025,2026-05-03,Crystal Palace,False,0.89,2.08
20260503_E0_ManUnited_Liverpool,2025,2026-05-03,Liverpool,False,0.88,2.35
20260503_E0_ManUnited_Liverpool,2025,2026-05-03,Man United,True,2.35,0.88
20260504_E0_Chelsea_NottmForest,2025,2026-05-04,Chelsea,True,2.16,2.05
20260504_E0_Chelsea_NottmForest,2025,2026-05-04,Nott'm Forest,False,2.05,2.16
20260504_E0_Everton_ManCity,2025,2026-05-04,Everton,True,2.77,1.46
20260504_E0_Everton_ManCity,2025,2026-05-04,Man City,False,1.46,2.77
20260509_E0_Brighton_Wolves,2025,2026-05-09,Brighton,True,1.62,0.5
20260509_E0_Brighton_Wolves,2025,2026-05-09,Wolves,False,0.5,1.62
20260509_E0_Fulham_Bournemouth,2025,2026-05-09,Bournemouth,False,0.81,1.32
20260509_E0_Fulham_Bournemouth,2025,2026-05-09,Fulham,True,1.32,0.81
20260509_E0_Liverpool_Chelsea,2025,2026-05-09,Chelsea,False,0.49,0.55
20260509_E0_Liverpool_Chelsea,2025,2026-05-09,Liverpool,True,0.55,0.49
20260509_E0_ManCity_Brentford,2025,2026-05-09,Brentford,False,0.24,3.01
20260509_E0_ManCity_Brentford,2025,2026-05-09,Man City,True,3.01,0.24
20260509_E0_Sunderland_ManUnited,2025,2026-05-09,Man United,False,0.62,1.25
20260509_E0_Sunderland_ManUnited,2025,2026-05-09,Sunderland,True,1.25,0.62
20260510_E0_Burnley_AstonVilla,2025,2026-05-10,Aston Villa,False,1.43,1.81
20260510_E0_Burnley_AstonVilla,2025,2026-05-10,Burnley,True,1.81,1.43
20260510_E0_CrystalPalace_Everton,2025,2026-05-10,Crystal Palace,True,2.57,1.59
20260510_E0_CrystalPalace_Everton,2025,2026-05-10,Everton,False,1.59,2.57
20260510_E0_NottmForest_Newcastle,2025,2026-05-10,Newcastle,False,1.47,1.11
20260510_E0_NottmForest_Newcastle,2025,2026-05-10,Nott'm Forest,True,1.11,1.47
20260510_E0_WestHam_Arsenal,2025,2026-05-10,Arsenal,False,1.19,1.16
20260510_E0_WestHam_Arsenal,2025,2026-05-10,West Ham,True,1.16,1.19
20260511_E0_Tottenham_Leeds,2025,2026-05-11,Leeds,False,1.35,1.27
20260511_E0_Tottenham_Leeds,2025,2026-05-11,Tottenham,True,1.27,1.35
20260513_E0_ManCity_CrystalPalace,2025,2026-05-13,Crystal Palace,False,0.68,1.55
20260513_E0_ManCity_CrystalPalace,2025,2026-05-13,Man City,True,1.55,0.68
20260515_E0_AstonVilla_Liverpool,2025,2026-05-15,Aston Villa,True,2.26,1.45
20260515_E0_AstonVilla_Liverpool,2025,2026-05-15,Liverpool,False,1.45,2.26
20260517_E0_Brentford_CrystalPalace,2025,2026-05-17,Brentford,True,1.72,1.75
20260517_E0_Brentford_CrystalPalace,2025,2026-05-17,Crystal Palace,False,1.75,1.72
20260517_E0_Everton_Sunderland,2025,2026-05-17,Everton,True,1.04,0.77
20260517_E0_Everton_Sunderland,2025,2026-05-17,Sunderland,False,0.77,1.04
20260517_E0_Leeds_Brighton,2025,2026-05-17,Brighton,False,3.07,0.39
20260517_E0_Leeds_Brighton,2025,2026-05-17,Leeds,True,0.39,3.07
20260517_E0_ManUnited_NottmForest,2025,2026-05-17,Man United,True,4.56,1.88
20260517_E0_ManUnited_NottmForest,2025,2026-05-17,Nott'm Forest,False,1.88,4.56
20260517_E0_Newcastle_WestHam,2025,2026-05-17,Newcastle,True,1.73,0.95
20260517_E0_Newcastle_WestHam,2025,2026-05-17,West Ham,False,0.95,1.73
20260517_E0_Wolves_Fulham,2025,2026-05-17,Fulham,False,1.6,1.39
20260517_E0_Wolves_Fulham,2025,2026-05-17,Wolves,True,1.39,1.6
20260518_E0_Arsenal_Burnley,2025,2026-05-18,Arsenal,True,1.29,0.19
20260518_E0_Arsenal_Burnley,2025,2026-05-18,Burnley,False,0.19,1.29
20260519_E0_Bournemouth_ManCity,2025,2026-05-19,Bournemouth,True,2.0,1.7
20260519_E0_Bournemouth_ManCity,2025,2026-05-19,Man City,False,1.7,2.0
20260519_E0_Chelsea_Tottenham,2025,2026-05-19,Chelsea,True,0.62,1.72
20260519_E0_Chelsea_Tottenham,2025,2026-05-19,Tottenham,False,1.72,0.62
20260524_E0_Brighton_ManUnited,2025,2026-05-24,Brighton,True,0.78,1.66
20260524_E0_Brighton_ManUnited,2025,2026-05-24,Man United,False,1.66,0.78
20260524_E0_Burnley_Wolves,2025,2026-05-24,Burnley,True,0.98,2.1
20260524_E0_Burnley_Wolves,2025,2026-05-24,Wolves,False,2.1,0.98
20260524_E0_CrystalPalace_Arsenal,2025,2026-05-24,Arsenal,False,2.53,0.98
20260524_E0_CrystalPalace_Arsenal,2025,2026-05-24,Crystal Palace,True,0.98,2.53
20260524_E0_Fulham_Newcastle,2025,2026-05-24,Fulham,True,1.83,0.3
20260524_E0_Fulham_Newcastle,2025,2026-05-24,Newcastle,False,0.3,1.83
20260524_E0_Liverpool_Brentford,2025,2026-05-24,Brentford,False,1.55,3.04
20260524_E0_Liverpool_Brentford,2025,2026-05-24,Liverpool,True,3.04,1.55
20260524_E0_ManCity_AstonVilla,2025,2026-05-24,Aston Villa,False,1.76,1.34
20260524_E0_ManCity_AstonVilla,2025,2026-05-24,Man City,True,1.34,1.76
20260524_E0_NottmForest_Bournemouth,2025,2026-05-24,Bournemouth,False,0.95,1.74
20260524_E0_NottmForest_Bournemouth,2025,2026-05-24,Nott'm Forest,True,1.74,0.95
20260524_E0_Sunderland_Chelsea,2025,2026-05-24,Chelsea,False,0.88,1.85
20260524_E0_Sunderland_Chelsea,2025,2026-05-24,Sunderland,True,1.85,0.88
20260524_E0_Tottenham_Everton,2025,2026-05-24,Everton,False,0.42,1.15
20260524_E0_Tottenham_Everton,2025,2026-05-24,Tottenham,True,1.15,0.42
20260524_E0_WestHam_Leeds,2025,2026-05-24,Leeds,False,1.58,2.62
20260524_E0_WestHam_Leeds,2025,2026-05-24,West Ham,True,2.62,1.58
